/home/weifeng/MM/Morandini/robot/robot.mtx,870,0.028398458998348933,0.15579710144927536,5.486111111111111
/home/weifeng/MM/JGD_CAG/CAG_mat72/CAG_mat72.mtx,1012,0.027197417966648735,0.17138983050847456,6.301694915254237
/home/weifeng/MM/HB/fs_183_1/fs_183_1.mtx,1069,0.03597054182009468,0.14041067761806983,3.9034907597535935
/home/weifeng/MM/HB/fs_183_3/fs_183_3.mtx,1069,0.0363336875664187,0.13995088006549325,3.8518215309046253
/home/weifeng/MM/HB/fs_183_4/fs_183_4.mtx,1069,0.038394160583941614,0.14052609946568026,3.6600904233456637
/home/weifeng/MM/HB/fs_183_6/fs_183_6.mtx,1069,0.036547300908605015,0.1476889848812095,4.041036717062635
/home/weifeng/MM/Rommes/ww_36_pmec_36/ww_36_pmec_36.mtx,1194,0.029889879391714735,0.1744186046511628,5.835373317013464
/home/weifeng/MM/HB/arc130/arc130.mtx,1282,0.040655354008191924,0.21273729332516841,5.232700551132885
/home/weifeng/MM/HB/impcol_e/impcol_e.mtx,1308,0.047570942111237226,0.2017814155031295,4.241694752046221
/home/weifeng/MM/HB/impcol_d/impcol_d.mtx,1339,0.054856865599223675,0.28960040983606555,5.279200819672131
/home/weifeng/MM/Rajat/rajat05/rajat05.mtx,1384,0.05128879537085743,0.14835666463785757,2.8925745587340232
/home/weifeng/MM/HB/nnc261/nnc261.mtx,1500,0.05408403361344538,0.20690098585512212,3.8255465066438057
/home/weifeng/MM/CPM/cz148/cz148.mtx,1527,0.04671616219303256,0.2126885075403016,4.552782111284451
/home/weifeng/MM/Sandia/oscil_dcop_01/oscil_dcop_01.mtx,1544,0.06355393434080249,0.20573549257759785,3.2371794871794872
/home/weifeng/MM/Sandia/oscil_dcop_02/oscil_dcop_02.mtx,1544,0.06741846323935877,0.21284467713787084,3.157068062827225
/home/weifeng/MM/Sandia/oscil_dcop_03/oscil_dcop_03.mtx,1544,0.06824846110800226,0.2177857142857143,3.191071428571428
/home/weifeng/MM/Sandia/oscil_dcop_04/oscil_dcop_04.mtx,1544,0.06794428969359331,0.20615280594996616,3.0341446923597024
/home/weifeng/MM/Sandia/oscil_dcop_05/oscil_dcop_05.mtx,1544,0.06836322869955157,0.21262203626220366,3.110181311018131
/home/weifeng/MM/Sandia/oscil_dcop_06/oscil_dcop_06.mtx,1544,0.06768035516093229,0.20608313619466037,3.0449476174383237
/home/weifeng/MM/Sandia/oscil_dcop_07/oscil_dcop_07.mtx,1544,0.06771793448084398,0.21173611111111112,3.1267361111111107
/home/weifeng/MM/Sandia/oscil_dcop_08/oscil_dcop_08.mtx,1544,0.06371995820271681,0.2123259052924791,3.332172701949861
/home/weifeng/MM/Sandia/oscil_dcop_09/oscil_dcop_09.mtx,1544,0.06745575221238936,0.21254792610665735,3.1509236667828513
/home/weifeng/MM/Sandia/oscil_dcop_10/oscil_dcop_10.mtx,1544,0.06456326098464796,0.20573549257759785,3.1865721997300946
/home/weifeng/MM/Sandia/oscil_dcop_11/oscil_dcop_11.mtx,1544,0.06263995891114536,0.21136915077989604,3.3743500866551126
/home/weifeng/MM/Sandia/oscil_dcop_12/oscil_dcop_12.mtx,1544,0.06798216276477147,0.2064319566689235,3.036560595802302
/home/weifeng/MM/Sandia/oscil_dcop_13/oscil_dcop_13.mtx,1544,0.06671772428884025,0.2182534001431639,3.2712956335003582
/home/weifeng/MM/Sandia/oscil_dcop_14/oscil_dcop_14.mtx,1544,0.06603140227395778,0.2180972818311874,3.3029327610872676
/home/weifeng/MM/Sandia/oscil_dcop_15/oscil_dcop_15.mtx,1544,0.06753045404208195,0.2176302640970735,3.2226980728051395
/home/weifeng/MM/Sandia/oscil_dcop_16/oscil_dcop_16.mtx,1544,0.05852207293666027,0.21247386759581882,3.6306620209059233
/home/weifeng/MM/Sandia/oscil_dcop_17/oscil_dcop_17.mtx,1544,0.06851685393258426,0.21833154314357323,3.1865377730039386
/home/weifeng/MM/Sandia/oscil_dcop_18/oscil_dcop_18.mtx,1544,0.06212939378502291,0.20664181633344628,3.325991189427313
/home/weifeng/MM/Sandia/oscil_dcop_19/oscil_dcop_19.mtx,1544,0.06345473465140479,0.20629228687415427,3.251014884979702
/home/weifeng/MM/Sandia/oscil_dcop_20/oscil_dcop_20.mtx,1544,0.06828667413213887,0.20573549257759785,3.0128205128205128
/home/weifeng/MM/Sandia/oscil_dcop_21/oscil_dcop_21.mtx,1544,0.06828667413213887,0.21794138670478913,3.1915654038599
/home/weifeng/MM/Sandia/oscil_dcop_22/oscil_dcop_22.mtx,1544,0.0628012358393409,0.21188325225851284,3.3738707435719246
/home/weifeng/MM/Sandia/oscil_dcop_23/oscil_dcop_23.mtx,1544,0.06701098901098901,0.21833154314357323,3.258145363408521
/home/weifeng/MM/Sandia/oscil_dcop_24/oscil_dcop_24.mtx,1544,0.05712412177985949,0.2065718157181572,3.616192411924119
/home/weifeng/MM/Sandia/oscil_dcop_25/oscil_dcop_25.mtx,1544,0.06511478910838227,0.2064319566689235,3.1702775897088693
/home/weifeng/MM/Sandia/oscil_dcop_26/oscil_dcop_26.mtx,1544,0.06712162905888829,0.20580492743840703,3.0661491731353356
/home/weifeng/MM/Sandia/oscil_dcop_27/oscil_dcop_27.mtx,1544,0.06439281942977826,0.2059439378588315,3.1982438365417085
/home/weifeng/MM/Sandia/oscil_dcop_28/oscil_dcop_28.mtx,1544,0.06388685175484547,0.21840974212034386,3.4186962750716337
/home/weifeng/MM/Sandia/oscil_dcop_29/oscil_dcop_29.mtx,1544,0.06843995510662178,0.21373992288818786,3.123028391167192
/home/weifeng/MM/Sandia/oscil_dcop_30/oscil_dcop_30.mtx,1544,0.06779321845469706,0.21872309899569584,3.2263271162123384
/home/weifeng/MM/Sandia/oscil_dcop_31/oscil_dcop_31.mtx,1544,0.06882618510158013,0.21895870736086176,3.181328545780969
/home/weifeng/MM/Sandia/oscil_dcop_32/oscil_dcop_32.mtx,1544,0.06546430488459475,0.2126961981164981,3.2490408092082315
/home/weifeng/MM/Sandia/oscil_dcop_33/oscil_dcop_33.mtx,1544,0.0682102908277405,0.21817531305903398,3.1985688729874777
/home/weifeng/MM/Sandia/oscil_dcop_34/oscil_dcop_34.mtx,1544,0.06859392575928008,0.21314225795176509,3.107305138063614
/home/weifeng/MM/Sandia/oscil_dcop_35/oscil_dcop_35.mtx,1544,0.06368668407310706,0.2123259052924791,3.3339136490250696
/home/weifeng/MM/Sandia/oscil_dcop_36/oscil_dcop_36.mtx,1544,0.05818702290076336,0.21284467713787084,3.657940663176265
/home/weifeng/MM/Sandia/oscil_dcop_37/oscil_dcop_37.mtx,1544,0.06790645879732739,0.21396491228070175,3.150877192982456
/home/weifeng/MM/Sandia/oscil_dcop_38/oscil_dcop_38.mtx,1544,0.06653573376977633,0.21336599020293912,3.2067879636109162
/home/weifeng/MM/Sandia/oscil_dcop_39/oscil_dcop_39.mtx,1544,0.05906053268765133,0.21801930639971398,3.6914551304969607
/home/weifeng/MM/Sandia/oscil_dcop_40/oscil_dcop_40.mtx,1544,0.06456326098464796,0.21848799713364386,3.384091723396632
/home/weifeng/MM/Sandia/oscil_dcop_41/oscil_dcop_41.mtx,1544,0.06635473340587594,0.20629228687415427,3.1089309878213807
/home/weifeng/MM/Sandia/oscil_dcop_42/oscil_dcop_42.mtx,1544,0.06836322869955157,0.21801930639971398,3.1891312120128705
/home/weifeng/MM/Sandia/oscil_dcop_43/oscil_dcop_43.mtx,1544,0.0669007131102578,0.2126961981164981,3.1792814788978028
/home/weifeng/MM/Sandia/oscil_dcop_44/oscil_dcop_44.mtx,1544,0.06352083333333333,0.2185663082437276,3.440860215053763
/home/weifeng/MM/Sandia/oscil_dcop_45/oscil_dcop_45.mtx,1544,0.06890395480225989,0.21217814892136394,3.079331941544885
/home/weifeng/MM/Sandia/oscil_dcop_46/oscil_dcop_46.mtx,1544,0.06312629399585921,0.21840974212034386,3.4598853868194843
/home/weifeng/MM/Sandia/oscil_dcop_47/oscil_dcop_47.mtx,1544,0.06660841070453305,0.20580492743840703,3.0897738778265267
/home/weifeng/MM/Sandia/oscil_dcop_48/oscil_dcop_48.mtx,1544,0.06715859030837004,0.21801930639971398,3.24633535931355
/home/weifeng/MM/Sandia/oscil_dcop_49/oscil_dcop_49.mtx,1544,0.06686403508771929,0.21306778476589797,3.1865828092243187
/home/weifeng/MM/Sandia/oscil_dcop_50/oscil_dcop_50.mtx,1544,0.06693743139407245,0.21239986067572275,3.1731104144897246
/home/weifeng/MM/Sandia/oscil_dcop_51/oscil_dcop_51.mtx,1544,0.06701098901098901,0.2178635226866738,3.251161128974634
/home/weifeng/MM/Sandia/oscil_dcop_52/oscil_dcop_52.mtx,1544,0.06365344467640918,0.20706281833616302,3.2529711375212225
/home/weifeng/MM/Sandia/oscil_dcop_53/oscil_dcop_53.mtx,1544,0.06408828166053598,0.21840974212034386,3.407951289398281
/home/weifeng/MM/Sandia/oscil_dcop_54/oscil_dcop_54.mtx,1544,0.06412197686645636,0.2185663082437276,3.4086021505376345
/home/weifeng/MM/Sandia/oscil_dcop_55/oscil_dcop_55.mtx,1544,0.06760532150776054,0.20692229385816086,3.060739735324058
/home/weifeng/MM/Sandia/oscil_dcop_56/oscil_dcop_56.mtx,1544,0.06734400883489786,0.21262203626220366,3.157252440725244
/home/weifeng/MM/Sandia/oscil_dcop_57/oscil_dcop_57.mtx,1544,0.06753045404208195,0.21306778476589797,3.1551362683438158
/home/weifeng/MM/Sandia/oscil_trans_01/oscil_trans_01.mtx,1614,0.0695041782729805,0.22667151162790697,3.261264534883721
/home/weifeng/MM/HB/shl_0/shl_0.mtx,1687,0.08735694822888282,0.2745803357314149,3.143199725933539
/home/weifeng/MM/HB/shl_400/shl_400.mtx,1712,0.08756786102062973,0.2530593034201444,2.889865076874804
/home/weifeng/MM/HB/shl_200/shl_200.mtx,1726,0.08716208939149166,0.24450151057401812,2.805135951661631
/home/weifeng/MM/HB/west0497/west0497.mtx,1727,0.07776780706674145,0.2572541743970315,3.307977736549165
/home/weifeng/MM/Bai/rw496/rw496.mtx,1859,0.07905442550852118,0.3627648839556004,4.588799192734611
/home/weifeng/MM/HB/west0479/west0479.mtx,1910,0.07965574680732927,0.3087817477399914,3.8764528626775716
/home/weifeng/MM/HB/west0381/west0381.mtx,2157,0.07383395029085141,0.313752808988764,4.249438202247191
/home/weifeng/MM/Bai/tols340/tols340.mtx,2196,0.075370061213133,0.35197505197505197,4.669958419958419
/home/weifeng/MM/Muite/Chebyshev1/Chebyshev1.mtx,2319,0.06996753246753247,0.3530857454942654,5.046422719825232
/home/weifeng/MM/JGD_Homology/ch5-5-b3/ch5-5-b3.mtx,2400,0.09814612868047982,0.3541912632821724,3.6088154269972454
/home/weifeng/MM/HB/str_0/str_0.mtx,2454,0.08374367622259696,0.32443379790940774,3.8741289198606275
/home/weifeng/MM/Bai/dw256A/dw256A.mtx,2480,0.0961079865016873,0.5011143695014663,5.214076246334311
/home/weifeng/MM/Bai/dwa512/dwa512.mtx,2480,0.09440883977900551,0.5002341920374709,5.298594847775176
/home/weifeng/MM/Bai/dw256B/dw256B.mtx,2500,0.0955370061213133,0.43070747616658306,4.5082789764174604
/home/weifeng/MM/Bai/dwb512/dwb512.mtx,2500,0.09666666666666666,0.4068246445497631,4.208530805687205
/home/weifeng/MM/HB/fs_680_1/fs_680_1.mtx,2646,0.10937976060935799,0.5170781893004115,4.727366255144034
/home/weifeng/MM/HB/fs_680_2/fs_680_2.mtx,2646,0.10041958041958043,0.5192148760330578,5.170454545454545
/home/weifeng/MM/HB/fs_680_3/fs_680_3.mtx,2646,0.1028863868986694,0.5160164271047228,5.015400410677618
/home/weifeng/MM/HB/mcca/mcca.mtx,2659,0.07492027334851938,0.3685154061624651,4.918767507002801
/home/weifeng/MM/HB/lns_511/lns_511.mtx,2796,0.10238972640982691,0.3938573883161512,3.8466494845360826
/home/weifeng/MM/HB/lnsp_511/lnsp_511.mtx,2796,0.10176470588235294,0.4002182453077259,3.932780445220428
/home/weifeng/MM/HB/west0655/west0655.mtx,2854,0.11049919484702093,0.41337349397590356,3.740963855421686
/home/weifeng/MM/Bai/ck400/ck400.mtx,2860,0.09435215946843854,0.42409158785465406,4.494773519163764
/home/weifeng/MM/Bai/qh768/qh768.mtx,2934,0.12155675675675676,0.4004273504273505,3.294159544159544
/home/weifeng/MM/HB/str_200/str_200.mtx,3068,0.08854081632653062,0.32148944053353096,3.6309744349759177
/home/weifeng/MM/TOKAMAK/utm300/utm300.mtx,3155,0.09246838922484883,0.36853637160385627,3.9855390008764235
/home/weifeng/MM/HB/str_400/str_400.mtx,3157,0.09340717299578058,0.32258652094717666,3.453551912568306
/home/weifeng/MM/CPM/cz308/cz308.mtx,3182,0.09770642201834863,0.3428571428571429,3.5090543259557347
/home/weifeng/MM/HB/bp_0/bp_0.mtx,3276,0.13412534059945502,0.434227240649259,3.2374735356386735
/home/weifeng/MM/HB/str_600/str_600.mtx,3279,0.1007641196013289,0.30739864864864863,3.050675675675676
/home/weifeng/MM/Bai/qh882/qh882.mtx,3354,0.1326673532440783,0.4948905109489051,3.7303111794083743
/home/weifeng/MM/HB/pores_3/pores_3.mtx,3474,0.11002061855670105,0.4529711375212225,4.117147707979626
/home/weifeng/MM/HB/west0989/west0989.mtx,3537,0.14610647181628392,0.5594324540367707,3.8289368505195847
/home/weifeng/MM/Bai/tols1090/tols1090.mtx,3546,0.15728632478632476,0.7616140713916193,4.842214174857735
/home/weifeng/MM/Bai/bfwa398/bfwa398.mtx,3678,0.11281423804226917,0.5625069328896284,4.986134220743206
/home/weifeng/MM/HB/bp_200/bp_200.mtx,3802,0.13513404147698532,0.4019861570869696,2.974721637074932
/home/weifeng/MM/Bai/ck656/ck656.mtx,3884,0.12875,0.6026328620185275,4.680643588493417
/home/weifeng/MM/HB/young3c/young3c.mtx,3988,0.14978930307941654,0.6633014354066986,4.42822966507177
/home/weifeng/MM/HB/bp_400/bp_400.mtx,4028,0.15035383777898748,0.42090825967692774,2.7994513867723256
/home/weifeng/MM/HB/nnc666/nnc666.mtx,4044,0.14111787493082456,0.5391120507399577,3.8202959830866803
/home/weifeng/MM/HB/bp_600/bp_600.mtx,4172,0.155178866263071,0.39915062287655717,2.5721970554926386
/home/weifeng/MM/Grund/b2_ss/b2_ss.mtx,4228,0.16863135815416885,0.6627782357790601,3.930338004946414
/home/weifeng/MM/Grund/b_dyn/b_dyn.mtx,4264,0.17310825294748125,0.657614006514658,3.79885993485342
/home/weifeng/MM/HB/fs_541_1/fs_541_1.mtx,4285,0.1542696629213483,0.5720833333333334,3.708333333333333
/home/weifeng/MM/HB/fs_541_2/fs_541_2.mtx,4285,0.137223764575236,0.5347035915188231,3.896581566421462
/home/weifeng/MM/HB/fs_541_3/fs_541_3.mtx,4285,0.13351701782820097,0.5367940920938314,4.020417028670721
/home/weifeng/MM/HB/fs_541_4/fs_541_4.mtx,4285,0.12338492261607589,0.5702353484079372,4.621596677434241
/home/weifeng/MM/HB/bp_800/bp_800.mtx,4534,0.16084644601193707,0.44523881045358965,2.7680985280865125
/home/weifeng/MM/HB/bp_1000/bp_1000.mtx,4661,0.1568782518210198,0.37984378936759894,2.421264802217183
/home/weifeng/MM/HB/bp_1200/bp_1200.mtx,4726,0.1563598971722365,0.4041998936735779,2.5850611376927164
/home/weifeng/MM/HB/bp_1400/bp_1400.mtx,4790,0.16953012714206744,0.4123151384780855,2.432105404678677
/home/weifeng/MM/HB/bp_1600/bp_1600.mtx,4841,0.16842334969994543,0.4646598434677905,2.7588801926550266
/home/weifeng/MM/Bai/tols2000/tols2000.mtx,5184,0.2586836518046709,1.4069284064665126,5.438799076212471
/home/weifeng/MM/Rajat/rajat19/rajat19.mtx,5399,0.1959253499222395,0.5864990689013035,2.9934823091247673
/home/weifeng/MM/HB/west1505/west1505.mtx,5445,0.22110423116615066,0.8508737092930899,3.8482922954725973
/home/weifeng/MM/Sandia/fpga_dcop_05/fpga_dcop_05.mtx,5852,0.21197905759162308,0.6951923076923077,3.2795329670329667
/home/weifeng/MM/Sandia/fpga_dcop_07/fpga_dcop_07.mtx,5855,0.21439915299100054,0.6471716203259827,3.018536273569831
/home/weifeng/MM/Sandia/fpga_dcop_06/fpga_dcop_06.mtx,5860,0.20589430894308944,0.64832,3.1488
/home/weifeng/MM/YZhou/circuit204/circuit204.mtx,5883,0.1953099173553719,0.6922738923471257,3.5444891980959357
/home/weifeng/MM/Sandia/fpga_dcop_04/fpga_dcop_04.mtx,5884,0.19687833252544834,0.6496481126039668,3.2997440818937944
/home/weifeng/MM/Sandia/fpga_dcop_10/fpga_dcop_10.mtx,5884,0.22122004357298478,0.648196616661347,2.930098946696457
/home/weifeng/MM/Sandia/fpga_dcop_08/fpga_dcop_08.mtx,5888,0.2060446247464503,0.6513626162231484,3.161269637704392
/home/weifeng/MM/Sandia/fpga_dcop_09/fpga_dcop_09.mtx,5888,0.22118671747414262,0.6886779661016948,3.113559322033898
/home/weifeng/MM/Sandia/fpga_dcop_01/fpga_dcop_01.mtx,5892,0.2066497203863752,0.6528750401541921,3.1593318342434955
/home/weifeng/MM/Sandia/fpga_dcop_02/fpga_dcop_02.mtx,5892,0.2210331702011963,0.6532947605271616,2.9556412729026036
/home/weifeng/MM/Sandia/fpga_dcop_03/fpga_dcop_03.mtx,5892,0.22031436314363143,0.6524558587479936,2.961476725521669
/home/weifeng/MM/Sandia/fpga_dcop_11/fpga_dcop_11.mtx,5892,0.2210331702011963,0.692706203135651,3.1339468302658484
/home/weifeng/MM/Sandia/fpga_dcop_12/fpga_dcop_12.mtx,5892,0.204466800804829,0.6931787175989086,3.390177353342428
/home/weifeng/MM/Sandia/fpga_dcop_13/fpga_dcop_13.mtx,5892,0.20405622489959838,0.6530848329048843,3.2005141388174807
/home/weifeng/MM/Sandia/fpga_dcop_14/fpga_dcop_14.mtx,5892,0.22031436314363143,0.6516191086886822,2.9576787431869187
/home/weifeng/MM/Sandia/fpga_dcop_15/fpga_dcop_15.mtx,5892,0.2176017130620985,0.655190199871051,3.010960670535139
/home/weifeng/MM/Sandia/fpga_dcop_16/fpga_dcop_16.mtx,5892,0.22432671081677705,0.6919986380660539,3.084780388151175
/home/weifeng/MM/Sandia/fpga_dcop_17/fpga_dcop_17.mtx,5892,0.2191266846361186,0.6532947605271616,2.9813564770170364
/home/weifeng/MM/Sandia/fpga_dcop_18/fpga_dcop_18.mtx,5892,0.2192448759439051,0.6873182279337166,3.1349340547852553
/home/weifeng/MM/Sandia/fpga_dcop_19/fpga_dcop_19.mtx,5892,0.20313843078460772,0.6528750401541921,3.2139415354963057
/home/weifeng/MM/Sandia/fpga_dcop_20/fpga_dcop_20.mtx,5892,0.22115342763873772,0.692706203135651,3.132242672119973
/home/weifeng/MM/Sandia/fpga_dcop_21/fpga_dcop_21.mtx,5892,0.20675483214649035,0.6922343324250682,3.3480926430517712
/home/weifeng/MM/Sandia/fpga_dcop_22/fpga_dcop_22.mtx,5892,0.19693798449612404,0.6922343324250682,3.5149863760217985
/home/weifeng/MM/Sandia/fpga_dcop_23/fpga_dcop_23.mtx,5892,0.2229731212287438,0.6528750401541921,2.9280436877610025
/home/weifeng/MM/Sandia/fpga_dcop_24/fpga_dcop_24.mtx,5892,0.22091304347826082,0.6922343324250682,3.133514986376022
/home/weifeng/MM/Sandia/fpga_dcop_25/fpga_dcop_25.mtx,5892,0.21960021609940572,0.6524558587479936,2.9711075441412516
/home/weifeng/MM/Sandia/fpga_dcop_26/fpga_dcop_26.mtx,5892,0.22055344546934347,0.6936518771331057,3.1450511945392488
/home/weifeng/MM/Sandia/fpga_dcop_27/fpga_dcop_27.mtx,5892,0.204466800804829,0.6924701873935264,3.3867120954003407
/home/weifeng/MM/Sandia/fpga_dcop_28/fpga_dcop_28.mtx,5892,0.2169050160085379,0.6929423798158881,3.194681213774293
/home/weifeng/MM/Sandia/fpga_dcop_29/fpga_dcop_29.mtx,5892,0.2058126582278481,0.6532947605271616,3.174220507875281
/home/weifeng/MM/Sandia/fpga_dcop_30/fpga_dcop_30.mtx,5892,0.21995670995670996,0.6943628288349847,3.1568158524086094
/home/weifeng/MM/Sandia/fpga_dcop_31/fpga_dcop_31.mtx,5892,0.2235863586358636,0.653715020907044,2.9237697008684465
/home/weifeng/MM/Sandia/fpga_dcop_32/fpga_dcop_32.mtx,5892,0.22151498637602177,0.6524558587479936,2.9454253611556984
/home/weifeng/MM/Sandia/fpga_dcop_33/fpga_dcop_33.mtx,5892,0.2256968350916158,0.6507845020813321,2.8834454050592373
/home/weifeng/MM/Sandia/fpga_dcop_34/fpga_dcop_34.mtx,5892,0.22007579859231188,0.6497442455242965,2.9523657289002556
/home/weifeng/MM/Sandia/fpga_dcop_35/fpga_dcop_35.mtx,5892,0.21865519096288327,0.6903532608695652,3.1572690217391304
/home/weifeng/MM/Sandia/fpga_dcop_36/fpga_dcop_36.mtx,5892,0.21960021609940572,0.6485003190810466,2.9530950861518823
/home/weifeng/MM/Sandia/fpga_dcop_37/fpga_dcop_37.mtx,5892,0.2170208222103577,0.6514102564102563,3.001602564102564
/home/weifeng/MM/Sandia/fpga_dcop_38/fpga_dcop_38.mtx,5892,0.2055005055611729,0.6938886992147492,3.3765790372140665
/home/weifeng/MM/Sandia/fpga_dcop_39/fpga_dcop_39.mtx,5892,0.18244165170556553,0.6922343324250682,3.7942779291553137
/home/weifeng/MM/Sandia/fpga_dcop_40/fpga_dcop_40.mtx,5892,0.21936319481921204,0.6912925170068027,3.1513605442176873
/home/weifeng/MM/Sandia/fpga_dcop_41/fpga_dcop_41.mtx,5892,0.21609782030834662,0.6381161695447409,2.9529042386185242
/home/weifeng/MM/Sandia/fpga_dcop_42/fpga_dcop_42.mtx,5892,0.22067318132464708,0.6924701873935264,3.137989778534924
/home/weifeng/MM/Sandia/fpga_dcop_43/fpga_dcop_43.mtx,5892,0.22055344546934347,0.6894165535956581,3.1258480325644507
/home/weifeng/MM/Sandia/fpga_dcop_44/fpga_dcop_44.mtx,5892,0.22272876712328768,0.6894165535956581,3.0953188602442334
/home/weifeng/MM/Sandia/fpga_dcop_45/fpga_dcop_45.mtx,5892,0.2174852862493312,0.6929423798158881,3.186157517899762
/home/weifeng/MM/Sandia/fpga_dcop_46/fpga_dcop_46.mtx,5892,0.2053966649823143,0.6894165535956581,3.3565128900949794
/home/weifeng/MM/Sandia/fpga_dcop_47/fpga_dcop_47.mtx,5892,0.21960021609940572,0.655190199871051,2.983558994197292
/home/weifeng/MM/Sandia/fpga_dcop_48/fpga_dcop_48.mtx,5892,0.20354531797696543,0.6929423798158881,3.4043641322877605
/home/weifeng/MM/Sandia/fpga_dcop_49/fpga_dcop_49.mtx,5892,0.2201950162513543,0.6512015379685998,2.957385453380327
/home/weifeng/MM/Sandia/fpga_dcop_50/fpga_dcop_50.mtx,5892,0.2171367521367521,0.6915277305205852,3.18475671997278
/home/weifeng/MM/Sandia/fpga_dcop_51/fpga_dcop_51.mtx,5892,0.2174852862493312,0.6924701873935264,3.183986371379898
/home/weifeng/MM/HB/fs_760_1/fs_760_1.mtx,5976,0.18773913043478258,0.7324851569126378,3.9016115351993217
/home/weifeng/MM/HB/fs_760_2/fs_760_2.mtx,5976,0.18562063406770554,0.7724508050089446,4.161449016100178
/home/weifeng/MM/HB/fs_760_3/fs_760_3.mtx,5976,0.18917853231106244,0.730626057529611,3.8620981387478857
/home/weifeng/MM/HB/jpwh_991/jpwh_991.mtx,6027,0.2038754696725711,0.5300307005302819,2.5997767234161313
/home/weifeng/MM/CPM/cz628/cz628.mtx,6346,0.18493506493506492,0.8160458452722062,4.412607449856734
/home/weifeng/MM/DRIVCAV/cavity01/cavity01.mtx,7327,0.17557752341311136,0.7951460885956645,4.528746465598492
/home/weifeng/MM/DRIVCAV/cavity02/cavity02.mtx,7327,0.18084673097534834,0.7586780575539567,4.195143884892086
/home/weifeng/MM/DRIVCAV/cavity03/cavity03.mtx,7327,0.18551951621770207,0.8382016890213612,4.51813214108296
/home/weifeng/MM/DRIVCAV/cavity04/cavity04.mtx,7327,0.18152770306616461,0.803858980466889,4.428299190090518
/home/weifeng/MM/HB/west2021/west2021.mtx,7353,0.29853078116916704,1.1033652007648183,3.6959847036328872
/home/weifeng/MM/Norris/lung1/lung1.mtx,7419,0.27791469194312796,1.1205095541401273,4.031847133757962
/home/weifeng/MM/Bai/bfwa782/bfwa782.mtx,7514,0.20594676042189855,0.9071681415929204,4.404867256637169
/home/weifeng/MM/HB/mahindas/mahindas.mtx,7682,0.2640087383943201,0.9568487727632622,3.6243072050673
/home/weifeng/MM/Averous/epb0/epb0.mtx,7764,0.29626582278481006,1.2372687224669603,4.176211453744494
/home/weifeng/MM/Grund/poli/poli.mtx,8188,0.43306042884990253,1.1302976341897737,2.610022894937675
/home/weifeng/MM/Bai/mhda416/mhda416.mtx,8562,0.2054974358974359,1.2705136334812936,6.182625237793278
/home/weifeng/MM/HB/nnc1374/nnc1374.mtx,8606,0.2846684350132626,1.001867064973861,3.5194174757281558
/home/weifeng/MM/Bai/tols4000/tols4000.mtx,8784,0.41671696387745777,1.8403877221324718,4.416397415185783
/home/weifeng/MM/HB/pores_2/pores_2.mtx,9613,0.28217258883248736,1.0886799843321582,3.8582060321190754
/home/weifeng/MM/Bai/dw1024/dw1024.mtx,10114,0.36004166666666665,1.3449027237354088,3.735408560311284
/home/weifeng/MM/Bai/dw2048/dw2048.mtx,10114,0.3550487930148948,1.4413678065054212,4.059633027522936
/home/weifeng/MM/Morandini/rotor2/rotor2.mtx,10685,0.2856369426751592,1.1926861702127662,4.175531914893617
/home/weifeng/MM/Sandia/adder_dcop_05/adder_dcop_05.mtx,11097,0.3733012306046014,0.6310600578871202,1.69048480463097
/home/weifeng/MM/Sandia/adder_dcop_04/adder_dcop_04.mtx,11107,0.34355314960629924,0.6620827010622155,1.927162367223065
/home/weifeng/MM/Sandia/adder_dcop_03/adder_dcop_03.mtx,11148,0.3636902286902287,0.6724389775129733,1.8489333077070917
/home/weifeng/MM/Sandia/adder_dcop_01/adder_dcop_01.mtx,11156,0.3544607594936709,0.6710697852760735,1.893213190184049
/home/weifeng/MM/Sandia/init_adder1/init_adder1.mtx,11156,0.3636675324675325,0.6702987361164305,1.8431635388739944
/home/weifeng/MM/Sandia/adder_dcop_06/adder_dcop_06.mtx,11224,0.3647016087182149,0.667661029830895,1.8307049211476345
/home/weifeng/MM/Sandia/adder_dcop_07/adder_dcop_07.mtx,11226,0.3709023746701847,0.6604585604209735,1.78068032324751
/home/weifeng/MM/Sandia/adder_dcop_10/adder_dcop_10.mtx,11232,0.3489330024813896,0.6339945897204688,1.8169522091974755
/home/weifeng/MM/Sandia/adder_dcop_09/adder_dcop_09.mtx,11239,0.37000526038926873,0.6372350063417286,1.722232288458054
/home/weifeng/MM/Sandia/adder_dcop_08/adder_dcop_08.mtx,11242,0.35280842527582745,0.6302633936570506,1.7864182046228274
/home/weifeng/MM/Sandia/adder_dcop_11/adder_dcop_11.mtx,11243,0.36604578563995843,0.6274884052800571,1.7142347484837672
/home/weifeng/MM/Sandia/adder_dcop_13/adder_dcop_13.mtx,11245,0.3645699481865285,0.6663068181818181,1.8276515151515151
/home/weifeng/MM/Sandia/adder_dcop_19/adder_dcop_19.mtx,11245,0.3347383444338725,0.6829935934769947,2.040380508639099
/home/weifeng/MM/Sandia/adder_dcop_44/adder_dcop_44.mtx,11245,0.3309595484477893,0.6635420596001509,2.004903809883063
/home/weifeng/MM/Sandia/adder_dcop_02/adder_dcop_02.mtx,11246,0.3826318651441001,0.6330154731917956,1.654372076286434
/home/weifeng/MM/Sandia/adder_dcop_12/adder_dcop_12.mtx,11246,0.3736909187466808,0.630406737143881,1.6869736606342947
/home/weifeng/MM/Sandia/adder_dcop_14/adder_dcop_14.mtx,11246,0.36976353126642136,0.6280435558729025,1.6985005355230276
/home/weifeng/MM/Sandia/adder_dcop_15/adder_dcop_15.mtx,11246,0.35574317492416585,0.6284923186852447,1.76670239371204
/home/weifeng/MM/Sandia/adder_dcop_16/adder_dcop_16.mtx,11246,0.34903769841269844,0.6687511879870746,1.9159855540771715
/home/weifeng/MM/Sandia/adder_dcop_17/adder_dcop_17.mtx,11246,0.3506028898854011,0.666344696969697,1.9005681818181817
/home/weifeng/MM/Sandia/adder_dcop_18/adder_dcop_18.mtx,11246,0.3469723865877712,0.6683700607902735,1.9262917933130699
/home/weifeng/MM/Sandia/adder_dcop_20/adder_dcop_20.mtx,11246,0.3541318570709612,0.6678625664388762,1.885914958238421
/home/weifeng/MM/Sandia/adder_dcop_21/adder_dcop_21.mtx,11246,0.32471619750807573,0.6688783269961978,2.0598859315589353
/home/weifeng/MM/Sandia/adder_dcop_22/adder_dcop_22.mtx,11246,0.3634607438016529,0.6665971959075409,1.8340280409245928
/home/weifeng/MM/Sandia/adder_dcop_23/adder_dcop_23.mtx,11246,0.3758867521367521,0.6671027682973075,1.7747440273037545
/home/weifeng/MM/Sandia/adder_dcop_24/adder_dcop_24.mtx,11246,0.3680230125523013,0.6678625664388762,1.814730447987851
/home/weifeng/MM/Sandia/adder_dcop_25/adder_dcop_25.mtx,11246,0.36995793901156676,0.6683700607902735,1.80661094224924
/home/weifeng/MM/Sandia/adder_dcop_26/adder_dcop_26.mtx,11246,0.3746858359957402,0.6281556864845563,1.6764863417246918
/home/weifeng/MM/Sandia/adder_dcop_27/adder_dcop_27.mtx,11246,0.3727012711864407,0.627707404103479,1.6842105263157892
/home/weifeng/MM/Sandia/adder_dcop_28/adder_dcop_28.mtx,11246,0.34628937007874017,0.6301809063227655,1.8198101379186817
/home/weifeng/MM/Sandia/adder_dcop_29/adder_dcop_29.mtx,11246,0.3740882509303562,0.6069173710539936,1.6223908918406071
/home/weifeng/MM/Sandia/adder_dcop_30/adder_dcop_30.mtx,11246,0.35253507014028057,0.6655883465758607,1.8880060537268257
/home/weifeng/MM/Sandia/adder_dcop_31/adder_dcop_31.mtx,11246,0.3818014107433532,0.6281556864845563,1.6452419210855205
/home/weifeng/MM/Sandia/adder_dcop_32/adder_dcop_32.mtx,11246,0.36763845350052243,0.6284923186852447,1.709539121114684
/home/weifeng/MM/Sandia/adder_dcop_33/adder_dcop_33.mtx,11246,0.3695693277310924,0.6298424633011099,1.7042606516290726
/home/weifeng/MM/Sandia/adder_dcop_34/adder_dcop_34.mtx,11246,0.36995793901156676,0.6659663070225251,1.800113571834185
/home/weifeng/MM/Sandia/adder_dcop_35/adder_dcop_35.mtx,11246,0.35112774451097806,0.6662185192198449,1.897367922741905
/home/weifeng/MM/Sandia/adder_dcop_36/adder_dcop_36.mtx,11246,0.3727012711864407,0.6696421773886563,1.7967263037685572
/home/weifeng/MM/Sandia/adder_dcop_37/adder_dcop_37.mtx,11246,0.31357397504456325,0.6697696554349896,2.1359223300970873
/home/weifeng/MM/Sandia/adder_dcop_38/adder_dcop_38.mtx,11246,0.3271315667131567,0.668116217242689,2.0423471325484237
/home/weifeng/MM/Sandia/adder_dcop_39/adder_dcop_39.mtx,11246,0.3770953912111468,0.6669763033175354,1.7687203791469193
/home/weifeng/MM/Sandia/adder_dcop_40/adder_dcop_40.mtx,11246,0.3664895833333333,0.6665971959075409,1.8188707843880259
/home/weifeng/MM/Sandia/adder_dcop_41/adder_dcop_41.mtx,11246,0.3682155939298796,0.629279198712216,1.7089966016812734
/home/weifeng/MM/Sandia/adder_dcop_42/adder_dcop_42.mtx,11246,0.36763845350052243,0.6678625664388762,1.816628701594533
/home/weifeng/MM/Sandia/adder_dcop_43/adder_dcop_43.mtx,11246,0.3746858359957402,0.6676091081593928,1.7817836812144212
/home/weifeng/MM/Sandia/adder_dcop_45/adder_dcop_45.mtx,11246,0.3709330521876648,0.629279198712216,1.6964764800572347
/home/weifeng/MM/Sandia/adder_dcop_46/adder_dcop_46.mtx,11246,0.3762887700534759,0.6643315709969788,1.7654833836858008
/home/weifeng/MM/Sandia/adder_dcop_47/adder_dcop_47.mtx,11246,0.3535979899497488,0.667355842185129,1.8873292867981788
/home/weifeng/MM/Sandia/adder_dcop_48/adder_dcop_48.mtx,11246,0.36629880270692344,0.6679893677615341,1.8236187583064363
/home/weifeng/MM/Sandia/adder_dcop_49/adder_dcop_49.mtx,11246,0.3750852878464819,0.6291666666666667,1.6773962804005722
/home/weifeng/MM/Sandia/adder_dcop_50/adder_dcop_50.mtx,11246,0.3695693277310924,0.6665971959075409,1.8037135278514589
/home/weifeng/MM/Sandia/adder_dcop_51/adder_dcop_51.mtx,11246,0.3705423907319642,0.6695147478591817,1.806850618458611
/home/weifeng/MM/Sandia/adder_dcop_52/adder_dcop_52.mtx,11246,0.3701525512887953,0.6271479500891265,1.6942959001782532
/home/weifeng/MM/Sandia/adder_dcop_53/adder_dcop_53.mtx,11246,0.3577325876970005,0.6709191456903127,1.8754767353165525
/home/weifeng/MM/Sandia/adder_dcop_54/adder_dcop_54.mtx,11246,0.37034736842105265,0.6655883465758607,1.7972001513431708
/home/weifeng/MM/Sandia/adder_dcop_55/adder_dcop_55.mtx,11246,0.32758845437616385,0.6660923892464975,2.0333207118515713
/home/weifeng/MM/Sandia/adder_dcop_56/adder_dcop_56.mtx,11246,0.3504282868525897,0.666849886277483,1.9029567854435177
/home/weifeng/MM/Sandia/adder_dcop_57/adder_dcop_57.mtx,11246,0.3678306325143753,0.629391771019678,1.7110912343470484
/home/weifeng/MM/Sandia/adder_dcop_58/adder_dcop_58.mtx,11246,0.36327310273619,0.6302938015048369,1.7350412038695808
/home/weifeng/MM/Sandia/adder_dcop_59/adder_dcop_59.mtx,11246,0.3709330521876648,0.6305197132616488,1.699820788530466
/home/weifeng/MM/Sandia/adder_dcop_60/adder_dcop_60.mtx,11246,0.3684083769633508,0.6282678571428573,1.7053571428571428
/home/weifeng/MM/Sandia/adder_dcop_61/adder_dcop_61.mtx,11246,0.36572765072765073,0.6279314652864537,1.716937354988399
/home/weifeng/MM/Sandia/adder_dcop_62/adder_dcop_62.mtx,11246,0.3701525512887953,0.6686240973014064,1.8063473964272143
/home/weifeng/MM/Sandia/adder_dcop_63/adder_dcop_63.mtx,11246,0.36459067357512953,0.6676091081593928,1.8311195445920305
/home/weifeng/MM/Sandia/adder_dcop_64/adder_dcop_64.mtx,11246,0.34476237138657523,0.6674824511477898,1.93606526275849
/home/weifeng/MM/Sandia/adder_dcop_65/adder_dcop_65.mtx,11246,0.3410857973824527,0.6672292812440735,1.9561919211075294
/home/weifeng/MM/Sandia/adder_dcop_66/adder_dcop_66.mtx,11246,0.35377576671694316,0.6637049613280513,1.8760611205432938
/home/weifeng/MM/Sandia/adder_dcop_67/adder_dcop_67.mtx,11246,0.36629880270692344,0.6687511879870746,1.825698536399924
/home/weifeng/MM/Sandia/adder_dcop_68/adder_dcop_68.mtx,11246,0.36668056279312133,0.6280435558729025,1.7127811495894323
/home/weifeng/MM/Sandia/adder_dcop_69/adder_dcop_69.mtx,11246,0.3680230125523013,0.6676091081593928,1.8140417457305502
/home/weifeng/MM/HB/watt_1/watt_1.mtx,11360,0.3827652733118971,1.646473029045643,4.301521438450899
/home/weifeng/MM/Zitney/extr1b/extr1b.mtx,11404,0.40803443328550926,1.5632099670208868,3.831073653352877
/home/weifeng/MM/Zitney/extr1/extr1.mtx,11407,0.42524165421026405,1.4368013468013467,3.3787878787878785
/home/weifeng/MM/HB/watt_2/watt_2.mtx,11550,0.3679102956167176,1.6033762772101288,4.35806308307419
/home/weifeng/MM/Fluorem/DK01R/DK01R.mtx,11766,0.3066563944530047,1.7058857142857142,5.562857142857142
/home/weifeng/MM/Bai/cryg2500/cryg2500.mtx,12349,0.40574999999999994,1.667905138339921,4.1106719367588935
/home/weifeng/MM/CPM/cz1268/cz1268.mtx,12786,0.3090892777030058,1.3795754905887065,4.463356027232679
/home/weifeng/MM/MathWorks/Pd/Pd.mtx,13036,0.7984444444444444,1.858726945569051,2.327935222672065
/home/weifeng/MM/Zitney/radfr1/radfr1.mtx,13299,0.3579535864978902,1.3031490015360983,3.640552995391705
/home/weifeng/MM/JGD_CAG/CAG_mat364/CAG_mat364.mtx,13585,0.3287389380530973,1.50929405789741,4.591163026917217
/home/weifeng/MM/MathWorks/Sieber/Sieber.mtx,14873,0.4503295622233154,2.194439117929051,4.872962607861937
/home/weifeng/MM/LeGresley/LeGresley_2508/LeGresley_2508.mtx,16727,0.5111222444889779,1.3353403141361258,2.612565445026178
/home/weifeng/MM/Bai/rbsa480/rbsa480.mtx,17088,0.3662048780487805,1.5434210526315792,4.214638157894737
/home/weifeng/MM/Bai/rbsb480/rbsb480.mtx,17088,0.3649586776859504,1.5295843520782393,4.1911165444172775
/home/weifeng/MM/Muite/Chebyshev2/Chebyshev2.mtx,18447,0.5194022289766971,2.225043402777778,4.283854166666667
/home/weifeng/MM/Mallya/lhr01/lhr01.mtx,18592,0.47785822021116137,1.6523991655076498,3.4579276773296246
/home/weifeng/MM/Brethour/coater1/coater1.mtx,19457,0.5182207931404073,1.8204066265060241,3.512801204819277
/home/weifeng/MM/Hollinger/g7jac010/g7jac010.mtx,19635,0.5975867269984917,1.4177003816793894,2.3723759541984735
/home/weifeng/MM/Hollinger/g7jac010sc/g7jac010sc.mtx,19635,0.5943,1.409629981024668,2.371916508538899
/home/weifeng/MM/Shyy/shyy41/shyy41.mtx,20042,0.7268787276341947,2.2051869722557305,3.0337756332931245
/home/weifeng/MM/Bai/rw5151/rw5151.mtx,20199,0.7419213973799127,1.7219594594594594,2.3209459459459456
/home/weifeng/MM/HB/sherman5/sherman5.mtx,20793,0.670844122216468,1.811241610738255,2.699944071588367
/home/weifeng/MM/Bomhof/circuit_2/circuit_2.mtx,21199,0.6968252472915684,1.3599558742415885,1.9516455230740948
/home/weifeng/MM/Grund/bayer09/bayer09.mtx,21216,0.6633471502590673,1.7639294571507302,2.6591347478644254
/home/weifeng/MM/TOKAMAK/utm1700b/utm1700b.mtx,21509,0.5985613079019073,2.1327378640776695,3.563106796116505
/home/weifeng/MM/Hamrle/Hamrle2/Hamrle2.mtx,22162,0.8320077406869859,2.4435350951974995,2.93691389599318
/home/weifeng/MM/HB/sherman2/sherman2.mtx,23094,0.5823185265438786,2.4520072992700728,4.210766423357664
/home/weifeng/MM/Pothen/barth4/barth4.mtx,23492,0.8503530534351145,2.0548074706017987,2.416416878026286
/home/weifeng/MM/Nasa/barth4/barth4.mtx,23492,0.8274558960074282,1.9103322615219722,2.3086816720257235
/home/weifeng/MM/Zitney/hydr1/hydr1.mtx,23752,0.829593336599706,1.878411360106501,2.2642556023962728
/home/weifeng/MM/Zitney/hydr1c/hydr1c.mtx,23752,0.8231404958677686,1.8750830564784056,2.27796234772979
/home/weifeng/MM/HB/mcfe/mcfe.mtx,24382,0.5898528610354222,2.6581041257367386,4.506385068762279
/home/weifeng/MM/Shen/shermanACa/shermanACa.mtx,25220,0.7680660134089736,0.9136687116564417,1.1895705521472393
/home/weifeng/MM/HB/lns_3937/lns_3937.mtx,25407,0.7778957816377171,2.20396512935883,2.833239595050619
/home/weifeng/MM/HB/lnsp3937/lnsp3937.mtx,25407,0.8151118044721789,2.3269893111638953,2.854809976247031
/home/weifeng/MM/CPM/cz2548/cz2548.mtx,25674,0.723682008368201,2.139270253555968,2.9560915275200985
/home/weifeng/MM/Pothen/barth/barth.mtx,26439,0.9118884316415182,0.9968509447165849,1.0931720483854843
/home/weifeng/MM/Nasa/barth/barth.mtx,26439,0.9704622871046227,0.9986479719579369,1.029043565348022
/home/weifeng/MM/Grund/bayer06/bayer06.mtx,27576,0.7102329916123019,2.015018508725542,2.837123215230037
/home/weifeng/MM/Grund/bayer08/bayer08.mtx,27576,0.7586660029865605,2.00494606682452,2.6427255985267033
/home/weifeng/MM/Grund/bayer05/bayer05.mtx,27836,0.7815721393034827,2.0307135470527404,2.5982419855222334
/home/weifeng/MM/Grund/bayer07/bayer07.mtx,27836,0.7520153183341312,2.037561608300908,2.7094682230869003
/home/weifeng/MM/Hohn/fd12/fd12.mtx,28462,1.080197433366239,1.5817288233593525,1.4642960393177218
/home/weifeng/MM/LeGresley/LeGresley_4908/LeGresley_4908.mtx,30482,0.9395761458846722,1.1807258763780502,1.2566579957884305
/home/weifeng/MM/DRIVCAV/cavity05/cavity05.mtx,32747,0.7384184184184184,2.835049961568025,3.839354342813221
/home/weifeng/MM/DRIVCAV/cavity06/cavity06.mtx,32747,0.7421327967806842,2.790015128593041,3.759455370650529
/home/weifeng/MM/DRIVCAV/cavity07/cavity07.mtx,32747,0.7868586666666667,2.8559039876113044,3.6295005807200926
/home/weifeng/MM/DRIVCAV/cavity08/cavity08.mtx,32747,0.7724397905759164,4.777720207253886,6.1852331606217605
/home/weifeng/MM/DRIVCAV/cavity09/cavity09.mtx,32747,0.7736549554273728,2.9448303393213573,3.8063872255489026
/home/weifeng/MM/Grund/poli_large/poli_large.mtx,33074,1.6280018587360592,2.076739774748073,1.2756372258446949
/home/weifeng/MM/HB/gemat12/gemat12.mtx,33111,0.9826829268292683,1.5884718498659516,1.616464280082006
/home/weifeng/MM/HB/gemat11/gemat11.mtx,33185,0.9987425742574259,1.3808761122518822,1.3826146475017111
/home/weifeng/MM/Rommes/bips98_606/bips98_606.mtx,34738,1.2980543478260866,1.7052834499500213,1.3137226902755963
/home/weifeng/MM/Bomhof/circuit_1/circuit_1.mtx,35823,0.8338490041685968,1.893437105595288,2.2707193941943626
/home/weifeng/MM/Muite/Chebyshev3/Chebyshev3.mtx,36879,1.0585227272727273,3.8147803425167535,3.6038719285182426
/home/weifeng/MM/Mallya/lhr02/lhr02.mtx,37206,0.9571212883744337,2.503686150605582,2.6158504476040023
/home/weifeng/MM/Grund/poli3/poli3.mtx,37849,1.8073733147373314,2.840569332612413,1.5716561207639814
/home/weifeng/MM/Hollinger/jan99jac020/jan99jac020.mtx,38692,1.1902908917501192,1.4233804744525544,1.1958257299270072
/home/weifeng/MM/Hollinger/jan99jac020sc/jan99jac020sc.mtx,38692,1.1818371212121213,1.3374986603793808,1.1317114993033974
/home/weifeng/MM/Rommes/bips98_1142/bips98_1142.mtx,40983,1.4022512844465203,2.1325614433868445,1.520812615428328
/home/weifeng/MM/HB/mbeause/mbeause.mtx,41063,0.9510888888888889,3.8679620424762766,4.066877541798464
/home/weifeng/MM/Bai/dw4096/dw4096.mtx,41746,1.3944158415841585,2.7293798449612403,1.9573643410852712
/home/weifeng/MM/Bai/dw8192/dw8192.mtx,41746,1.3992647789369104,2.7485558157689307,1.9642857142857144
/home/weifeng/MM/TOKAMAK/utm3060/utm3060.mtx,42211,1.0844467213114757,3.184175691937425,2.936221419975933
/home/weifeng/MM/Rajat/rajat01/rajat01.mtx,43250,1.3137506112469437,2.0807156133828992,1.5837980173482031
/home/weifeng/MM/Hohn/fd15/fd15.mtx,44206,1.626307692307692,1.9860967590418037,1.221230624706435
/home/weifeng/MM/Rommes/bips98_1450/bips98_1450.mtx,44678,1.4099665271966526,2.0376224452775427,1.4451566090216472
/home/weifeng/MM/Rommes/nopss_11k/nopss_11k.mtx,44941,1.6180678605089538,2.09566650390625,1.295166015625
/home/weifeng/MM/MathWorks/TS/TS.mtx,45262,1.1136464379947228,4.044384821770794,3.6316596397087006
/home/weifeng/MM/Hollinger/g7jac020/g7jac020.mtx,45465,1.2986706056129984,1.697952877558903,1.3074546156817304
/home/weifeng/MM/Hollinger/g7jac020sc/g7jac020sc.mtx,45465,1.3038062283737024,1.6953335904357887,1.3002956678236277
/home/weifeng/MM/Bai/mhd1280a/mhd1280a.mtx,47906,1.115188930282065,5.013014354066986,4.4952153110047846
/home/weifeng/MM/Bomhof/circuit_3/circuit_3.mtx,48137,1.7212636579572445,2.1350972304066,1.2404242781378905
/home/weifeng/MM/Rommes/xingo_afonso_itaipu/xingo_afonso_itaipu.mtx,48735,1.792836946277097,2.468145841442844,1.376670559231867
/home/weifeng/MM/Rommes/mimo46x46_system/mimo46x46_system.mtx,48735,1.792836946277097,2.364449968924798,1.3188315724052206
/home/weifeng/MM/Rommes/ww_vref_6405/ww_vref_6405.mtx,48737,1.6279931536157466,2.0248110697179356,1.24374667376264
/home/weifeng/MM/Rommes/mimo28x28_system/mimo28x28_system.mtx,48737,1.7745429104477612,1.9526893861630055,1.1003900636419626
/home/weifeng/MM/Rommes/zeros_nopss_13k/zeros_nopss_13k.mtx,48827,1.8121235154394297,1.8777788717140889,1.0362311706212464
/home/weifeng/MM/Rommes/mimo8x8_system/mimo8x8_system.mtx,48872,1.840067469879518,2.16104822277564,1.1744396649309488
/home/weifeng/MM/Rommes/bips07_1693/bips07_1693.mtx,49044,1.6318923536950019,2.0448881276094637,1.2530778289262394
/home/weifeng/MM/Bai/cryg10000/cryg10000.mtx,49699,1.558399264029439,2.04241620448517,1.3105859657583794
/home/weifeng/MM/HB/mbeacxc/mbeacxc.mtx,49920,1.1384242424242423,4.385059422750425,3.851867572156197
/home/weifeng/MM/HB/mbeaflw/mbeaflw.mtx,49920,1.1309469074986316,4.715289821999087,4.169329073482428
/home/weifeng/MM/CPM/cz5108/cz5108.mtx,51412,1.3248565965583172,2.6558068225373708,2.0045994633959374
/home/weifeng/MM/Shen/shermanACd/shermanACd.mtx,53329,1.4842261904761904,1.7713710632251953,1.1934643618280842
/home/weifeng/MM/TSOPF/TSOPF_RS_b9_c6/TSOPF_RS_b9_c6.mtx,54082,1.545589094449854,3.555824372759856,2.3006272401433687
/home/weifeng/MM/Hollinger/mark3jac020/mark3jac020.mtx,56175,1.6526300984528832,1.7634117058529264,1.067033516758379
/home/weifeng/MM/Hollinger/mark3jac020sc/mark3jac020sc.mtx,56175,1.7053991291727137,1.8943787618228718,1.1108125537403268
/home/weifeng/MM/Grund/bayer03/bayer03.mtx,56196,1.5542453748782863,2.5716288061865638,1.6545835347188658
/home/weifeng/MM/Zitney/rdist2/rdist2.mtx,56934,1.3960450819672132,4.079461077844312,2.9221556886227544
/home/weifeng/MM/Andrianov/fxm3_6/fxm3_6.mtx,94026,2.2179234972677597,2.8365184243964423,1.2789072426937738
/home/weifeng/MM/Meszaros/fxm3_6/fxm3_6.mtx,94026,2.1810845139228134,2.8470093100369844,1.3053181992092846
/home/weifeng/MM/Grund/meg1/meg1.mtx,58142,1.2396733212341196,3.255767397521449,2.6263107721639662
/home/weifeng/MM/Quaglino/viscoplastic1/viscoplastic1.mtx,61166,1.5155312810327708,3.2265116279069765,2.128964059196617
/home/weifeng/MM/Pothen/barth5/barth5.mtx,61484,2.1681605975723626,2.2663478430607062,1.0452859652547335
/home/weifeng/MM/Nasa/barth5/barth5.mtx,61484,2.113882567137005,3.529268718985341,1.6695670676566023
/home/weifeng/MM/Zitney/rdist3a/rdist3a.mtx,61896,1.4689446185997908,4.789710391822828,3.2606473594548553
/home/weifeng/MM/Rommes/bips07_1998/bips07_1998.mtx,62198,2.1214397784956165,2.168880920928477,1.0223627099452726
/home/weifeng/MM/Hohn/fd18/fd18.mtx,63406,2.1285915492957748,2.2722044728434505,1.0674685209547077
/home/weifeng/MM/Grund/bayer02/bayer02.mtx,63679,2.117730696798493,2.2751947395042995,1.0743550834597877
/home/weifeng/MM/Rommes/bips07_2476/bips07_2476.mtx,66498,2.305078053259871,2.6340293809024136,1.1427072402938092
/home/weifeng/MM/LiuWenzhuo/powersim/powersim.mtx,67562,2.265101289134438,2.2889178375360566,1.0105145622034057
/home/weifeng/MM/Bai/mhd3200a/mhd3200a.mtx,68026,1.5719444444444444,6.036266666666666,3.84
/home/weifeng/MM/Grund/poli4/poli4.mtx,73249,3.0863848631239934,5.012015899165816,1.6239115085902567
/home/weifeng/MM/Rommes/descriptor_xingo6u/descriptor_xingo6u.mtx,73916,2.644386281588447,2.928515742128935,1.1074462768615694
/home/weifeng/MM/Rommes/xingo3012/xingo3012.mtx,74386,2.6682926829268294,3.0,1.1243144424131628
/home/weifeng/MM/Rommes/bips07_3078/bips07_3078.mtx,75729,2.7692321924144316,3.352979390681003,1.2107974910394264
/home/weifeng/MM/DRIVCAV/cavity10/cavity10.mtx,76367,1.7325190065889509,4.537111760021237,2.6187947969206267
/home/weifeng/MM/DRIVCAV/cavity11/cavity11.mtx,76367,1.5839944392956442,3.9563194444444445,2.4976851851851847
/home/weifeng/MM/DRIVCAV/cavity12/cavity12.mtx,76367,1.626968110423608,4.569866310160428,2.8088235294117645
/home/weifeng/MM/DRIVCAV/cavity13/cavity13.mtx,76367,1.653730043541364,4.195213549337261,2.5368188512518413
/home/weifeng/MM/DRIVCAV/cavity14/cavity14.mtx,76367,1.7924803356056633,4.342301829268293,2.422510162601626
/home/weifeng/MM/DRIVCAV/cavity15/cavity15.mtx,76367,1.752953846153846,3.9362736066328887,2.245508982035928
/home/weifeng/MM/Mallya/lhr04/lhr04.mtx,82682,1.9986714727085482,3.259506214309708,1.630836412495801
/home/weifeng/MM/Mallya/lhr04c/lhr04c.mtx,82682,1.7174424778761064,3.2109695565850433,1.8696227663798808
/home/weifeng/MM/Hollinger/jan99jac040/jan99jac040.mtx,82842,2.3279216733422343,3.8073485311672055,1.6355140186915886
/home/weifeng/MM/Hollinger/jan99jac040sc/jan99jac040sc.mtx,82842,2.456946923438234,4.0634195603200505,1.6538491416142316
/home/weifeng/MM/TOKAMAK/utm5940/utm5940.mtx,83842,2.069871414441147,3.2115408225905466,1.5515653775322282
/home/weifeng/MM/HB/orani678/orani678.mtx,90158,2.001202627589692,5.440082417582418,2.718406593406593
/home/weifeng/MM/Zitney/rdist1/rdist1.mtx,94408,2.105938104448743,4.521470099667774,2.1470099667774085
/home/weifeng/MM/Grund/bayer10/bayer10.mtx,94926,2.7219942473633747,3.178148438374566,1.1675808798835778
/home/weifeng/MM/Averous/epb1/epb1.mtx,95053,2.6406483565961274,3.0197096076614147,1.1435485531871075
/home/weifeng/MM/Langemyr/comsol/comsol.mtx,97645,2.081841173495195,3.911613761642273,1.878920357346512
/home/weifeng/MM/Rajat/rajat27/rajat27.mtx,99777,2.859800498753117,5.025071753562117,1.757140666194396
/home/weifeng/MM/Bai/mhd4800a/mhd4800a.mtx,102252,2.408740515933232,5.462353750860289,2.2677219545767375
/home/weifeng/MM/CPM/cz10228/cz10228.mtx,102876,2.673233734939759,3.3243197890447083,1.243557473330936
/home/weifeng/MM/Hollinger/mark3jac040/mark3jac040.mtx,113435,3.1532030208796096,5.044210556238585,1.5997100481121145
/home/weifeng/MM/Hollinger/mark3jac040sc/mark3jac040sc.mtx,113435,3.28756831866605,4.9038690064944035,1.4916401823960201
/home/weifeng/MM/Hollinger/g7jac040/g7jac040.mtx,114671,2.9270014077897706,4.401956287006782,1.5039132797448076
/home/weifeng/MM/Hollinger/g7jac040sc/g7jac040sc.mtx,114671,2.873072316904653,4.5090036361533405,1.5694013720514985
/home/weifeng/MM/QCD/conf5_0-4x4-10/conf5_0-4x4-10.mtx,119808,2.6509644670050765,5.695092693565976,2.148309705561614
/home/weifeng/MM/QCD/conf5_0-4x4-14/conf5_0-4x4-14.mtx,119808,2.676781137878011,5.424179476526797,2.0263813876194434
/home/weifeng/MM/QCD/conf5_0-4x4-18/conf5_0-4x4-18.mtx,119808,2.668574348492591,5.444537114261885,2.0402418682235197
/home/weifeng/MM/QCD/conf5_0-4x4-22/conf5_0-4x4-22.mtx,119808,2.3934005499541704,5.707540983606558,2.3846994535519124
/home/weifeng/MM/QCD/conf5_0-4x4-26/conf5_0-4x4-26.mtx,119808,2.616432865731463,5.444537114261885,2.080900750625521
/home/weifeng/MM/QCD/conf6_0-4x4-20/conf6_0-4x4-20.mtx,119808,2.6375757575757577,5.432078219263574,2.059496567505721
/home/weifeng/MM/QCD/conf6_0-4x4-30/conf6_0-4x4-30.mtx,119808,2.703105590062112,5.706293706293708,2.1110139860139863
/home/weifeng/MM/Hollinger/jan99jac060/jan99jac060.mtx,127182,3.497035087719299,5.303436853552923,1.5165523709433884
/home/weifeng/MM/Hollinger/jan99jac060sc/jan99jac060sc.mtx,127182,3.5499732858414954,5.165052568844781,1.4549553342963937
/home/weifeng/MM/Simon/raefsky6/raefsky6.mtx,137845,2.989061876247505,7.431861042183622,2.486352357320099
/home/weifeng/MM/DRIVCAV/cavity16/cavity16.mtx,138187,2.894910798122066,6.658920086393088,2.300215982721382
/home/weifeng/MM/DRIVCAV/cavity17/cavity17.mtx,138187,2.7750495049504953,6.055941858181103,2.182282459241799
/home/weifeng/MM/DRIVCAV/cavity18/cavity18.mtx,138187,2.865315985130111,6.656044905008636,2.3229706390328158
/home/weifeng/MM/DRIVCAV/cavity19/cavity19.mtx,138187,3.055579781962339,6.38980310880829,2.0911917098445594
/home/weifeng/MM/DRIVCAV/cavity20/cavity20.mtx,138187,3.0315437561455263,6.3242666666666665,2.0861538461538456
/home/weifeng/MM/DRIVCAV/cavity21/cavity21.mtx,138187,3.058611111111111,6.383188405797101,2.0869565217391304
/home/weifeng/MM/DRIVCAV/cavity22/cavity22.mtx,138187,2.86,6.2360032362459545,2.18042071197411
/home/weifeng/MM/DRIVCAV/cavity23/cavity23.mtx,138187,3.069268292682927,6.38980310880829,2.0818652849740933
/home/weifeng/MM/DRIVCAV/cavity24/cavity24.mtx,138187,3.0800000000000005,6.648867802458487,2.1587233124865213
/home/weifeng/MM/DRIVCAV/cavity25/cavity25.mtx,138187,3.0510440376051458,6.373950795947903,2.0891048170353526
/home/weifeng/MM/DRIVCAV/cavity26/cavity26.mtx,138187,3.0196669931439764,6.643137254901961,2.1999569058392585
/home/weifeng/MM/Rommes/juba40k/juba40k.mtx,144945,4.576161535385846,5.149365607846667,1.1252587060199766
/home/weifeng/MM/Rommes/bauru5727/bauru5727.mtx,145019,4.742028985507246,5.109306683322923,1.0774515927545283
/home/weifeng/MM/Shen/shermanACb/shermanACb.mtx,145149,3.74714859437751,5.341967989007354,1.4256087941168987
/home/weifeng/MM/Mallya/lhr07/lhr07.mtx,156508,3.408559401309635,6.2997060857538045,1.84820193637621
/home/weifeng/MM/Mallya/lhr07c/lhr07c.mtx,156508,3.5376213592233006,6.34468048058506,1.7934877241859655
/home/weifeng/MM/Hollinger/g7jac050sc/g7jac050sc.mtx,157990,3.3264577548591827,5.399349708656601,1.6231529472362618
/home/weifeng/MM/Grund/bayer04/bayer04.mtx,159082,4.250036798528059,6.75654844606947,1.5897623400365628
/home/weifeng/MM/HVDC/hvdc1/hvdc1.mtx,159981,4.46726368159204,7.794075406783138,1.7447090573363002
/home/weifeng/MM/Simon/raefsky5/raefsky5.mtx,168658,3.768177777777778,6.166607402618394,1.6364958784548245
/home/weifeng/MM/Averous/epb2/epb2.mtx,175027,4.6730257320319435,8.26487135425249,1.768633820609998
/home/weifeng/MM/JGD_CAG/CAG_mat1916/CAG_mat1916.mtx,195985,4.185668559628291,5.245626293995859,1.2532349896480333
/home/weifeng/MM/Rajat/rajat22/rajat22.mtx,197264,5.270402815799766,9.6476525922426,1.8305341981300918
/home/weifeng/MM/TSOPF/TSOPF_RS_b162_c1/TSOPF_RS_b162_c1.mtx,205399,4.326251808972503,9.612347266881029,2.221864951768489
/home/weifeng/MM/CPM/cz20468/cz20468.mtx,206076,4.96361036639857,8.529561718726006,1.7184188703584264
/home/weifeng/MM/Brethour/coater2/coater2.mtx,207308,4.133928724774581,4.255622347949081,1.0294377652050921
/home/weifeng/MM/Mallya/lhr10/lhr10.mtx,232633,5.1085146641438035,6.043989254533245,1.1831206626371167
/home/weifeng/MM/Mallya/lhr10c/lhr10c.mtx,232633,5.051169317118803,6.106876272336575,1.2090024881248584
/home/weifeng/MM/Mallya/lhr11/lhr11.mtx,233741,5.0791413905739615,5.357649143532192,1.0548336286670605
/home/weifeng/MM/Mallya/lhr11c/lhr11c.mtx,233741,5.1029535864978905,5.304385964912281,1.0394736842105263
/home/weifeng/MM/TSOPF/TSOPF_RS_b39_c7/TSOPF_RS_b39_c7.mtx,252446,5.289903593339176,9.173336170342113,1.734121616487074
/home/weifeng/MM/Mallya/lhr14/lhr14.mtx,307858,6.392192943278248,11.05046480743692,1.7287439389727912
/home/weifeng/MM/Mallya/lhr14c/lhr14c.mtx,307858,6.5833118675253,10.462228979955848,1.5892045205339258
/home/weifeng/MM/Goodwin/goodwin/goodwin.mtx,324784,6.174519823788547,7.7591674047829935,1.2566430469441983
/home/weifeng/MM/Oberwolfach/inlet/inlet.mtx,328323,6.799410952600092,10.810008779631255,1.589844893181153
/home/weifeng/MM/Graham/graham1/graham1.mtx,335504,6.9400094517958415,7.095603015075377,1.0224197912640123
/home/weifeng/MM/ATandT/onetone1/onetone1.mtx,341088,7.616748166259168,10.399592729215001,1.3653586152793311
/home/weifeng/MM/Hollinger/mark3jac120/mark3jac120.mtx,342475,7.663582945180939,11.655401281660055,1.5208814682418588
/home/weifeng/MM/Hollinger/mark3jac120sc/mark3jac120sc.mtx,342475,7.8578471711976485,12.463615597976831,1.5861361676339651
/home/weifeng/MM/Quaglino/viscoplastic2/viscoplastic2.mtx,381326,8.23265560165975,12.339204199161658,1.4988121447317684
/home/weifeng/MM/Mallya/lhr17/lhr17.mtx,381975,7.947867383512545,12.741156782613068,1.6030912655945875
/home/weifeng/MM/Mallya/lhr17c/lhr17c.mtx,381975,7.760122484689414,12.918185591634321,1.6646883624738753
/home/weifeng/MM/Hollinger/g7jac100/g7jac100.mtx,384636,7.177816979051819,9.733009079764386,1.3559845713773138
/home/weifeng/MM/Hollinger/g7jac100sc/g7jac100sc.mtx,384636,7.9782843137254895,9.744080463784314,1.22132529759826
/home/weifeng/MM/Bindel/ted_A/ted_A.mtx,424587,3.900354804646251,6.991814946619216,1.7926099795562955
/home/weifeng/MM/Bindel/ted_A_unscaled/ted_A_unscaled.mtx,424587,8.569921113689096,9.979563384848158,1.1644871933426995
/home/weifeng/MM/Fluorem/GT01R/GT01R.mtx,430909,8.636969411764706,10.088808267370272,1.1680958663148637
/home/weifeng/MM/Schenk_IBMSDS/2D_27628_bjtcai/2D_27628_bjtcai.mtx,442898,9.231753635585969,15.400088474107054,1.6681650184796726
/home/weifeng/MM/Hollinger/g7jac120/g7jac120.mtx,475296,9.370640625,10.811774091050445,1.1537924165190623
/home/weifeng/MM/Hollinger/g7jac120sc/g7jac120sc.mtx,475296,9.688546042003232,11.06134061262225,1.1416925268938676
/home/weifeng/MM/Bai/af23560/af23560.mtx,484256,9.328658436213992,16.58021810841056,1.7773421785972894
/home/weifeng/MM/Rajat/rajat18/rajat18.mtx,485143,10.312106261859583,17.306801836469308,1.678299408189804
/home/weifeng/MM/Norris/lung2/lung2.mtx,492564,9.97350797266515,12.541879117731309,1.2575193354339729
/home/weifeng/MM/Andrianov/fxm4_6/fxm4_6.mtx,497844,10.21677536231884,12.994458589186763,1.2718747479867745
/home/weifeng/MM/Meszaros/fxm4_6/fxm4_6.mtx,497844,10.263257506824386,12.868517578336691,1.2538433893702834
/home/weifeng/MM/VanVelzen/std1_Jac2_db/std1_Jac2_db.mtx,498771,8.904996133023975,15.029578384022974,1.6877692207283645
/home/weifeng/MM/Hamm/hcircuit/hcircuit.mtx,513072,10.311684671532847,13.182114063899672,1.2783666766198867
/home/weifeng/MM/Bindel/ted_AB/ted_AB.mtx,522387,9.933501997336885,15.860094961377648,1.5966267450924811
/home/weifeng/MM/Bindel/ted_AB_unscaled/ted_AB_unscaled.mtx,522387,9.781547202797203,15.736088650138512,1.6087525136758025
/home/weifeng/MM/VanVelzen/std1_Jac3_db/std1_Jac3_db.mtx,531826,9.209727685325264,15.354385522416294,1.667192130651365
/home/weifeng/MM/HB/psmigr_2/psmigr_2.mtx,540022,10.050378476972185,16.34332696619882,1.6261404487050195
/home/weifeng/MM/HB/psmigr_1/psmigr_1.mtx,543162,10.749796314258003,11.484182494534073,1.0683162879376624
/home/weifeng/MM/HB/psmigr_3/psmigr_3.mtx,543162,10.186617647058823,11.73416904003134,1.1519200431970016
/home/weifeng/MM/Shen/e40r0100/e40r0100.mtx,553562,10.955316681534343,15.971843258638852,1.4579079476141552
/home/weifeng/MM/Rajat/rajat23/rajat23.mtx,556938,10.83804079287561,12.62624497991968,1.1649933065595717
/home/weifeng/MM/Hollinger/g7jac140/g7jac140.mtx,565956,11.239367838798891,17.564038683458396,1.562724784469319
/home/weifeng/MM/Hollinger/g7jac140sc/g7jac140sc.mtx,565956,11.230493485984999,12.327831057451041,1.0977105389745745
/home/weifeng/MM/Hohn/sinc15/sinc15.mtx,568526,10.43509854327335,13.42908184645244,1.2869147129529566
/home/weifeng/MM/LeGresley/LeGresley_87936/LeGresley_87936.mtx,593276,11.630229106163279,17.81219204823445,1.5315426622847117
/home/weifeng/MM/Schenk_IBMSDS/3D_28984_Tetra/3D_28984_Tetra.mtx,599170,11.12969023034154,19.1704814414513,1.722463163367217
/home/weifeng/MM/Rajat/rajat20/rajat20.mtx,605045,11.429930861093652,16.884805548720756,1.4772447667373874
/home/weifeng/MM/Rajat/rajat25/rajat25.mtx,607235,11.708694257298683,15.928979517015325,1.3604402990611784
/home/weifeng/MM/Rajat/rajat28/rajat28.mtx,607235,11.872478854912167,16.087951228328475,1.3550625294794425
/home/weifeng/MM/TSOPF/TSOPF_RS_b162_c3/TSOPF_RS_b162_c3.mtx,610299,12.11875912408759,18.495996435086543,1.5262285722243107
/home/weifeng/MM/Rajat/rajat16/rajat16.mtx,641159,12.053217499224326,20.165235717326084,1.6730168287947842
/home/weifeng/MM/Rajat/rajat17/rajat17.mtx,641159,12.094495641344954,20.1970022303905,1.6699334002277186
/home/weifeng/MM/Hollinger/g7jac160/g7jac160.mtx,656616,12.088479059515063,12.162877261722143,1.0061544716949746
/home/weifeng/MM/Hollinger/g7jac160sc/g7jac160sc.mtx,656616,11.755927116827438,13.656293836895621,1.1616517949782112
/home/weifeng/MM/VanVelzen/Zd_Jac6_db/Zd_Jac6_db.mtx,663643,12.392758333333333,19.509242132052947,1.5742453461371955
/home/weifeng/MM/VanVelzen/Zd_Jac2_db/Zd_Jac2_db.mtx,676439,12.637619047619047,19.298505463382895,1.5270681439807108
/home/weifeng/MM/Andrianov/ex3sta1/ex3sta1.mtx,678998,12.976868953386102,16.887894378408696,1.3013843662189462
/home/weifeng/MM/Meszaros/ex3sta1/ex3sta1.mtx,678998,12.059419697588885,17.573906000619353,1.4572762571762068
/home/weifeng/MM/TSOPF/TSOPF_RS_b39_c19/TSOPF_RS_b39_c19.mtx,684206,12.448405024743055,23.311586661153957,1.8726565061804075
/home/weifeng/MM/VanVelzen/Zd_Jac3_db/Zd_Jac3_db.mtx,713907,13.230491666666667,20.862661874757723,1.576862175675587
/home/weifeng/MM/Andrianov/pf2177/pf2177.mtx,725144,13.313318719859708,14.546534503595717,1.0926302306498827
/home/weifeng/MM/Meszaros/pf2177/pf2177.mtx,725144,11.96048838125246,14.589212862163922,1.2197840420155308
/home/weifeng/MM/Hollinger/g7jac180/g7jac180.mtx,747276,13.15129883843717,14.518862205642343,1.103986943343437
/home/weifeng/MM/Hollinger/g7jac180sc/g7jac180sc.mtx,747276,13.473797331410026,14.160636725412166,1.050975933295433
/home/weifeng/MM/Mallya/lhr34/lhr34.mtx,764014,12.586676126285917,13.121011759485246,1.0424524813253457
/home/weifeng/MM/Mallya/lhr34c/lhr34c.mtx,764014,14.08568479555379,24.280843900336,1.72379577228651
/home/weifeng/MM/IBM_EDA/dc1/dc1.mtx,766396,13.694360617535683,19.24684969418084,1.4054580737077398
/home/weifeng/MM/IBM_EDA/dc2/dc2.mtx,766396,13.478423165137615,18.498174292144736,1.3724286636133278
/home/weifeng/MM/IBM_EDA/dc3/dc3.mtx,766396,13.150416783216784,19.28340149057215,1.4663718883178354
/home/weifeng/MM/IBM_EDA/trans4/trans4.mtx,766396,13.401579247434436,17.550252916472235,1.3095660289314046
/home/weifeng/MM/IBM_EDA/trans5/trans5.mtx,766396,13.401579247434436,19.149870264237325,1.4289263907388623
/home/weifeng/MM/JGD_Homology/m133-b3/m133-b3.mtx,800800,13.04801216597871,13.14453295981791,1.007397356211153
/home/weifeng/MM/JGD_Homology/shar_te2-b3/shar_te2-b3.mtx,800800,13.30232558139535,23.385209614179082,1.7579790444225531
/home/weifeng/MM/Chevron/Chevron2/Chevron2.mtx,803173,13.568287359806002,14.053051613713425,1.0357277408012056
/home/weifeng/MM/TSOPF/TSOPF_RS_b162_c4/TSOPF_RS_b162_c4.mtx,812749,14.299361099878691,24.58209017476052,1.7191040916484766
/home/weifeng/MM/Hollinger/g7jac200/g7jac200.mtx,837936,14.506014568158168,19.67696918654164,1.3564696970409857
/home/weifeng/MM/Hollinger/g7jac200sc/g7jac200sc.mtx,837936,14.5362669447341,19.812669336412085,1.3629819410814694
/home/weifeng/MM/JGD_Homology/ch7-8-b5/ch7-8-b5.mtx,846720,13.99780736100235,23.330998446792865,1.6667609322723378
/home/weifeng/MM/MKS/fp/fp.mtx,848553,15.708635547576302,19.848713760718663,1.2635542851957715
/home/weifeng/MM/Kim/kim1/kim1.mtx,933195,16.495133256083427,29.496487847330144,1.7881933652431572
/home/weifeng/MM/Hamm/scircuit/scircuit.mtx,958936,14.44739332096475,18.398452451269936,1.2734790313053752
/home/weifeng/MM/Freescale/transient/transient.mtx,961790,14.503959808175386,21.423024252032246,1.4770465814416294
/home/weifeng/MM/Hohn/sinc18/sinc18.mtx,973826,17.36966736842105,19.002961946132196,1.0940314251889796
/home/weifeng/MM/Schenk_IBMSDS/2D_54019_highK/2D_54019_highK.mtx,996414,23.153916015625,28.855743251466542,1.2462575761263783
/home/weifeng/MM/Goodwin/rim/rim.mtx,1014951,17.918280098280096,28.25183367768595,1.5767045454545456
/home/weifeng/MM/Norris/torso2/torso2.mtx,1033473,16.019560378408457,19.260772112939918,1.2023283821758328
/home/weifeng/MM/Schenk_IBMSDS/3D_51448_3D/3D_51448_3D.mtx,1056610,17.85172140021653,30.842926975259378,1.727728451715882
/home/weifeng/MM/Schenk_IBMSDS/ibm_matrix_2/ibm_matrix_2.mtx,1056610,17.87106936416185,31.50912461065143,1.7631359359971464
/home/weifeng/MM/TSOPF/TSOPF_RS_b39_c30/TSOPF_RS_b39_c30.mtx,1079986,18.059188243526943,18.50066671445982,1.02444619685999
/home/weifeng/MM/ATandT/twotone/twotone.mtx,1224224,17.679538378958668,23.215328878739182,1.313118497843187
/home/weifeng/MM/VanVelzen/std1_Jac2/std1_Jac2.mtx,1248731,21.278780096308186,28.129542886546535,1.3219527980096442
/home/weifeng/MM/Williams/mac_econ_fwd500/mac_econ_fwd500.mtx,1273389,17.160017193208684,24.59859393580904,1.433483058836577
/home/weifeng/MM/Rajat/Raj1/Raj1.mtx,1302464,15.714488967343335,19.599000484346796,1.2471929901809695
/home/weifeng/MM/HVDC/hvdc2/hvdc2.mtx,1347273,17.874571301643716,23.037881477240195,1.2888634411680502
/home/weifeng/MM/VanVelzen/std1_Jac3/std1_Jac3.mtx,1455848,24.368600953895072,34.79944376649544,1.4280443851633227
/home/weifeng/MM/TSOPF/TSOPF_RS_b300_c1/TSOPF_RS_b300_c1.mtx,1474325,25.16844884488449,39.08960550511619,1.5531193736264437
/home/weifeng/MM/Mallya/lhr71/lhr71.mtx,1528092,21.622864107251676,22.533257128341905,1.0421032577633835
/home/weifeng/MM/Mallya/lhr71c/lhr71c.mtx,1528092,22.543278271918677,40.87257815559703,1.8130716243923795
/home/weifeng/MM/VanVelzen/Zd_Jac2/Zd_Jac2.mtx,1642833,25.751203288490284,35.3483631364583,1.3726878212428058
/home/weifeng/MM/Vavasis/av41092/av41092.mtx,1683902,25.28846765824974,27.54380095543801,1.0891842608918427
/home/weifeng/MM/VanVelzen/Zd_Jac6/Zd_Jac6.mtx,1711983,26.734882506527416,40.826495332159965,1.5270871425072483
/home/weifeng/MM/QLi/crashbasis/crashbasis.mtx,1750416,20.941907999093587,25.191255519816824,1.202911192280434
/home/weifeng/MM/QLi/majorbasis/majorbasis.mtx,1750416,21.48225011622501,25.111852616705615,1.1689582087930004
/home/weifeng/MM/Simon/bbmat/bbmat.mtx,1771722,25.499010695187167,26.1384952720296,1.0250787995066466
/home/weifeng/MM/POLYFLOW/invextr1_new/invextr1_new.mtx,1793881,26.746277269528502,35.87528848740567,1.3413189479000005
/home/weifeng/MM/Rajat/rajat21/rajat21.mtx,1893370,16.154244186046512,32.502178681093724,2.0119900570258813
/home/weifeng/MM/VanVelzen/Zd_Jac3/Zd_Jac3.mtx,1916152,29.118519328956967,43.76252699428872,1.5029104502154065
/home/weifeng/MM/QCD/conf5_4-8x8-05/conf5_4-8x8-05.mtx,1916928,27.04155339805825,27.595244385733157,1.0204755614266843
/home/weifeng/MM/QCD/conf5_4-8x8-10/conf5_4-8x8-10.mtx,1916928,27.604360753221012,47.47177829414204,1.7197202542936194
/home/weifeng/MM/QCD/conf5_4-8x8-15/conf5_4-8x8-15.mtx,1916928,27.36031434184676,27.938477999197538,1.0211314698408451
/home/weifeng/MM/QCD/conf5_4-8x8-20/conf5_4-8x8-20.mtx,1916928,27.540672379696776,50.750337086840865,1.8427413966935122
/home/weifeng/MM/QCD/conf6_0-8x8-20/conf6_0-8x8-20.mtx,1916928,27.806455906821963,51.70661072641877,1.8595181960507667
/home/weifeng/MM/QCD/conf6_0-8x8-30/conf6_0-8x8-30.mtx,1916928,27.778723404255324,51.118561115869326,1.8402055548758105
/home/weifeng/MM/QCD/conf6_0-8x8-80/conf6_0-8x8-80.mtx,1916928,26.014445828144453,27.856514201893585,1.0708094412588345
/home/weifeng/MM/Rajat/rajat24/rajat24.mtx,1948235,17.77317235636969,29.06665153647134,1.63542281330852
/home/weifeng/MM/Rudnyi/water_tank/water_tank.mtx,2035281,28.257335009428033,45.55510295071336,1.6121514267185473
/home/weifeng/MM/Williams/mc2depi/mc2depi.mtx,2100225,11.343156303972364,29.888221017103415,2.634912207516402
/home/weifeng/MM/Schenk_IBMSDS/matrix_9/matrix_9.mtx,2121550,26.04672260094389,27.789582633993515,1.0669128342844356
/home/weifeng/MM/Schenk_IBMSDS/matrix-new_3/matrix-new_3.mtx,2678750,30.41367317073171,41.028022992212,1.3489992728564897
/home/weifeng/MM/TSOPF/TSOPF_RS_b300_c2/TSOPF_RS_b300_c2.mtx,2943887,40.682754010695184,71.13550030973501,1.748541907734025
/home/weifeng/MM/Norris/stomach/stomach.mtx,3021648,28.537735706171905,42.93564622943816,1.5045218258206938
/home/weifeng/MM/Chevron/Chevron3/Chevron3.mtx,3413113,23.674627274993767,38.76507593076421,1.6374101894186808
/home/weifeng/MM/Raju/laminar_duct3D/laminar_duct3D.mtx,3833077,44.43672856362644,63.19973124230525,1.4222408643744586
/home/weifeng/MM/Meng/iChem_Jacobian/iChem_Jacobian.mtx,4137369,32.004229199372055,50.068874900840676,1.564445579643051
/home/weifeng/MM/TSOPF/TSOPF_RS_b678_c1/TSOPF_RS_b678_c1.mtx,4396289,59.66867268472083,86.55728322970522,1.4506319536728973
/home/weifeng/MM/TSOPF/TSOPF_RS_b300_c3/TSOPF_RS_b300_c3.mtx,4413449,53.42233674963398,80.11966307431513,1.4997408939597552
/home/weifeng/MM/Norris/torso3/torso3.mtx,4429042,34.49871019880394,56.713347770057524,1.6439266118425424
/home/weifeng/MM/CEMW/t2em/t2em.mtx,4590832,15.21690563099236,42.913854346811604,2.8201432924318537
/home/weifeng/MM/Rajat/rajat29/rajat29.mtx,4866270,19.22183707903084,23.944556166852752,1.2456955112252999
/home/weifeng/MM/Muite/Chebyshev4/Chebyshev4.mtx,5377761,56.31671596891451,61.75489302932657,1.096564172232873
/home/weifeng/MM/Hamrle/Hamrle3/Hamrle3.mtx,5514242,12.824244848484849,66.5555436731356,5.189821658855723
/home/weifeng/MM/ATandT/pre2/pre2.mtx,5959282,21.46428849649442,50.273065928719134,2.342172485099136
/home/weifeng/MM/Rajat/rajat30/rajat30.mtx,6175377,22.17230485960413,25.632907504660192,1.1560777134794389
/home/weifeng/MM/Chevron/Chevron4/Chevron4.mtx,6376412,21.365028915662652,49.84953194838782,2.333230258904225
/home/weifeng/MM/TSOPF/TSOPF_RS_b2052_c1/TSOPF_RS_b2052_c1.mtx,6761100,77.87202046035806,93.06148480454249,1.1950567643473031
/home/weifeng/MM/Fluorem/PR02R/PR02R.mtx,8185136,59.36475657336727,66.13910644088297,1.1141140006047776
/home/weifeng/MM/Norris/torso1/torso1.mtx,8516500,75.76355763107621,117.57141304240412,1.5518201193099657
/home/weifeng/MM/TSOPF/TSOPF_RS_b678_c2/TSOPF_RS_b678_c2.mtx,8781949,83.8097859327217,124.68996846662397,1.4877733796709471
/home/weifeng/MM/Kim/kim2/kim2.mtx,11330020,43.3219500753895,71.53017067301042,1.651129982573096
/home/weifeng/MM/TSOPF/TSOPF_RS_b2383/TSOPF_RS_b2383.mtx,16171169,126.12329530071553,157.34792815180288,1.2475722885025997
/home/weifeng/MM/TSOPF/TSOPF_RS_b2383_c1/TSOPF_RS_b2383_c1.mtx,16171169,125.08315304948216,166.4111392637614,1.3304040968485193
/home/weifeng/MM/Fluorem/RM07R/RM07R.mtx,37464962,93.27693611394916,130.30582895562063,1.3969780139051322
/home/weifeng/MM/JGD_Margulies/wheel_7_1/wheel_7_1.mtx,338,0.017129575828006973,0.07381071607411116,4.308963445167752
/home/weifeng/MM/JGD_Margulies/cat_ears_3_1/cat_ears_3_1.mtx,542,0.026539883782356048,0.08792439621981099,3.312915645782289
/home/weifeng/MM/JGD_Margulies/flower_5_1/flower_5_1.mtx,602,0.029905186837702175,0.09190949605759342,3.0733630442235174
/home/weifeng/MM/JGD_Forest/TF10/TF10.mtx,622,0.022341407151095734,0.09907928388746803,4.434782608695652
/home/weifeng/MM/HB/gent113/gent113.mtx,655,0.02282455187398153,0.09481046931407941,4.153880866425992
/home/weifeng/MM/HB/will199/will199.mtx,701,0.031439820022497185,0.12903970452446906,4.104339796860573
/home/weifeng/MM/Morandini/rotor1/rotor1.mtx,708,0.024547563805104408,0.11914414414414415,4.853603603603603
/home/weifeng/MM/JGD_Homology/mk9-b1/mk9-b1.mtx,756,0.04551724137931035,0.26333122229259026,5.785307156428119
/home/weifeng/MM/JGD_Homology/n3c5-b3/n3c5-b3.mtx,840,0.034980566352026655,0.1650943396226415,4.719601677148846
/home/weifeng/MM/Zhao/Zhao1/Zhao1.mtx,166453,4.44738977760437,8.356911391662635,1.8790598102611478
/home/weifeng/MM/Zhao/Zhao2/Zhao2.mtx,166453,4.904759036144578,8.297538107647735,1.691732059924003
/home/weifeng/MM/Hollinger/mark3jac060/mark3jac060.mtx,170695,4.688339191564149,6.88980862109042,1.4695627469717707
/home/weifeng/MM/Hollinger/mark3jac060sc/mark3jac060sc.mtx,170695,4.607366148531952,7.091506004479268,1.5391670155711066
/home/weifeng/MM/Hollinger/jan99jac080/jan99jac080.mtx,171522,4.616820336062042,6.796633282802976,1.4721459333633555
/home/weifeng/MM/Hollinger/jan99jac080sc/jan99jac080sc.mtx,171522,4.58129115006413,6.981418742833316,1.523897633691233
/home/weifeng/MM/Szczerba/Ill_Stokes/Ill_Stokes.mtx,191368,4.445445378151261,4.844262520260432,1.0897136525553326
/home/weifeng/MM/Sandia/mult_dcop_03/mult_dcop_03.mtx,193216,4.576990646604311,5.547224864582461,1.211980817286129
/home/weifeng/MM/Sandia/mult_dcop_01/mult_dcop_01.mtx,193276,4.94171202809482,5.959669649002066,1.205992905924083
/home/weifeng/MM/Sandia/mult_dcop_02/mult_dcop_02.mtx,193276,4.933049956178791,5.337603838713347,1.082008876076319
/home/weifeng/MM/Hollinger/g7jac060/g7jac060.mtx,203316,4.645444201312911,6.464658522028283,1.3916125653174825
/home/weifeng/MM/Hollinger/g7jac060sc/g7jac060sc.mtx,203316,4.934839609483961,6.744891215941438,1.366790361935746
/home/weifeng/MM/Hollinger/jan99jac100/jan99jac100.mtx,215862,5.431008878127521,8.559242911838407,1.575995013801086
/home/weifeng/MM/Hollinger/jan99jac100sc/jan99jac100sc.mtx,215862,5.780945017182131,7.83149931624429,1.354709185603305
/home/weifeng/MM/ATandT/onetone2/onetone2.mtx,227628,5.70459492140266,9.633398449464664,1.6887085905647408
/home/weifeng/MM/Hollinger/mark3jac080/mark3jac080.mtx,227955,5.790024390243902,8.571877350825988,1.480456173080974
/home/weifeng/MM/Hollinger/mark3jac080sc/mark3jac080sc.mtx,227955,5.87359175257732,8.971128046860237,1.5273666309756249
/home/weifeng/MM/Rajat/rajat26/rajat26.mtx,249302,6.784209274673008,11.015722440678836,1.6237297516459328
/home/weifeng/MM/Engwirda/airfoil_2d/airfoil_2d.mtx,259688,5.794700374531836,8.172651039947178,1.410366457576758
/home/weifeng/MM/Hollinger/jan99jac120/jan99jac120.mtx,260202,6.566858532630725,9.60828899999407,1.4631484677567628
/home/weifeng/MM/Hollinger/jan99jac120sc/jan99jac120sc.mtx,260202,6.574853896103896,9.779803443363193,1.487455629874677
/home/weifeng/MM/Grund/bayer01/bayer01.mtx,277774,7.0799926226484695,11.020819935691318,1.556614607257694
/home/weifeng/MM/Hollinger/mark3jac100/mark3jac100.mtx,285215,6.462190787087414,11.086934335639967,1.7156618708617513
/home/weifeng/MM/Hollinger/mark3jac100sc/mark3jac100sc.mtx,285215,3.979508599508599,6.93941730934019,1.743787489288775
/home/weifeng/MM/Hollinger/g7jac080/g7jac080.mtx,293976,6.449653401797175,8.423027918724992,1.3059659789436038
/home/weifeng/MM/Hollinger/g7jac080sc/g7jac080sc.mtx,293976,6.519394463667821,8.267063030648735,1.268072223075404
/home/weifeng/MM/Hohn/sinc12/sinc12.mtx,294986,5.9932089552238805,7.9276424569976065,1.3227709089114286
/home/weifeng/MM/Bomhof/circuit_4/circuit_4.mtx,307604,7.849706470980652,10.480678361635514,1.3351681875470405
/home/weifeng/MM/Shyy/shyy161/shyy161.mtx,329762,8.164564400409976,8.824844903988183,1.0808714918759232
/home/weifeng/MM/Chevron/Chevron1/Chevron1.mtx,330633,7.475261239368166,13.547985025324818,1.8123761286060338
/home/weifeng/MM/IBM_EDA/ckt11752_dc_1/ckt11752_dc_1.mtx,333029,7.881632335794791,12.425822896497632,1.5765544962133278
/home/weifeng/MM/IBM_EDA/ckt11752_tr_0/ckt11752_tr_0.mtx,333029,7.884696734059099,13.16171574322263,1.6692735544753015
/home/weifeng/MM/Lee/fem_hifreq_circuit/fem_hifreq_circuit.mtx,20239237,58.37587930346937,67.92806607786423,1.1636324264125844
/home/weifeng/MM/Freescale/Freescale2/Freescale2.mtx,23042677,67.4178864321608,71.93959740900414,1.067069901121764
/home/weifeng/MM/JGD_Kocay/Trec5/Trec5.mtx,12,0.003896103896103896,0.022388059701492536,5.746268656716418
/home/weifeng/MM/JGD_Kocay/Trec4/Trec4.mtx,3,0.0012383900928792568,0.009302325581395349,7.511627906976744
/home/weifeng/MM/Grund/b1_ss/b1_ss.mtx,15,0.005047923322683706,0.03657407407407407,7.24537037037037
/home/weifeng/MM/JGD_Relat/rel3/rel3.mtx,18,0.011940298507462685,0.057971014492753624,4.855072463768117
/home/weifeng/MM/LPnetlib/lpi_galenet/lpi_galenet.mtx,22,0.009009009009009009,0.050761421319796954,5.634517766497463
/home/weifeng/MM/JGD_Relat/relat3/relat3.mtx,24,0.012753623188405797,0.06346153846153846,4.975961538461538
/home/weifeng/MM/LPnetlib/lpi_itest2/lpi_itest2.mtx,26,0.011057692307692308,0.05227272727272727,4.7272727272727275
/home/weifeng/MM/JGD_Homology/n3c4-b1/n3c4-b1.mtx,30,0.01609756097560976,0.0804878048780488,5.0
/home/weifeng/MM/JGD_Homology/n3c4-b4/n3c4-b4.mtx,30,0.009444444444444445,0.0504950495049505,5.346534653465347
/home/weifeng/MM/JGD_Kocay/Trec6/Trec6.mtx,40,0.0122,0.05545454545454546,4.545454545454546
/home/weifeng/MM/HB/jgl009/jgl009.mtx,50,0.014885844748858448,0.07149122807017544,4.802631578947368
/home/weifeng/MM/JGD_Homology/klein-b2/klein-b2.mtx,60,0.0030823947836395964,0.01791867677463818,5.813232253618194
/home/weifeng/MM/JGD_Homology/n3c4-b2/n3c4-b2.mtx,60,0.003117505995203837,0.01791867677463818,5.74776016540317
/home/weifeng/MM/HB/jgl011/jgl011.mtx,76,0.01932489451476793,0.1106280193236715,5.724637681159421
/home/weifeng/MM/HB/rgg010/rgg010.mtx,76,0.02155339805825243,0.1,4.63963963963964
/home/weifeng/MM/JGD_Margulies/wheel_3_1/wheel_3_1.mtx,74,0.003279599777654253,0.019143413367942893,5.837118754055807
/home/weifeng/MM/JGD_Homology/n3c5-b1/n3c5-b1.mtx,90,0.004979879275653925,0.03503184713375796,7.0346779900920025
/home/weifeng/MM/Hamrle/Hamrle1/Hamrle1.mtx,98,0.004824813325674899,0.028965517241379315,6.003448275862069
/home/weifeng/MM/JGD_Margulies/wheel_4_1/wheel_4_1.mtx,122,0.004787644787644788,0.030466830466830467,6.363636363636363
/home/weifeng/MM/Grund/d_ss/d_ss.mtx,149,0.00784290738569754,0.03894062863795111,4.965075669383003
/home/weifeng/MM/HB/pores_1/pores_1.mtx,180,0.006725663716814161,0.03906785469499657,5.808773132282385
/home/weifeng/MM/JGD_Margulies/wheel_5_1/wheel_5_1.mtx,182,0.009094159713945173,0.04245965498052309,4.668892598775738
/home/weifeng/MM/JGD_Homology/n2c6-b1/n2c6-b1.mtx,210,0.01329879101899827,0.07777777777777778,5.848484848484849
/home/weifeng/MM/JGD_Homology/n3c6-b1/n3c6-b1.mtx,210,0.013147410358565738,0.07268722466960352,5.528634361233481
/home/weifeng/MM/JGD_Homology/n4c5-b1/n4c5-b1.mtx,210,0.013684834123222751,0.07767316745124411,5.675857431069266
/home/weifeng/MM/NYPA/Maragal_1/Maragal_1.mtx,234,0.008165191740412981,0.04701086956521739,5.757472826086956
/home/weifeng/MM/Grund/d_dyn/d_dyn.mtx,238,0.012817483756645008,0.05589902112313241,4.361154044307058
/home/weifeng/MM/Grund/d_dyn1/d_dyn1.mtx,238,0.012908982748364066,0.05272108843537416,4.084062196307095
/home/weifeng/MM/JGD_Margulies/cat_ears_2_1/cat_ears_2_1.mtx,254,0.012167677881963596,0.05274988043998087,4.335246293639407
/home/weifeng/MM/JGD_Margulies/wheel_6_1/wheel_6_1.mtx,254,0.012086570477247503,0.05576036866359446,4.613415258576548
/home/weifeng/MM/HB/will57/will57.mtx,281,0.010031315240083508,0.04968976215098242,4.953464322647363
/home/weifeng/MM/JGD_Homology/ch4-4-b2/ch4-4-b2.mtx,288,0.014469565217391305,0.06153846153846154,4.252958579881657
/home/weifeng/MM/HB/curtis54/curtis54.mtx,291,0.011234640140433001,0.05139186295503211,4.57441113490364
/home/weifeng/MM/HB/west0067/west0067.mtx,294,0.011310861423220974,0.05820484581497797,5.145925110132159
/home/weifeng/MM/MathWorks/pivtol/pivtol.mtx,306,0.015795116140559857,0.05527303042934556,3.499374739474781
/home/weifeng/MM/HB/impcol_b/impcol_b.mtx,312,0.011535038932146828,0.06626198083067093,5.744408945686901
/home/weifeng/MM/JGD_Homology/n3c5-b2/n3c5-b2.mtx,360,0.018428824571766096,0.08315565031982942,4.51226012793177
/home/weifeng/MM/HB/west0156/west0156.mtx,371,0.019562666666666666,0.07470468431771893,3.8187372708757636
/home/weifeng/MM/Bai/olm100/olm100.mtx,396,0.01622620989668298,0.07643442622950819,4.710553278688525
/home/weifeng/MM/JGD_Homology/ch5-5-b1/ch5-5-b1.mtx,400,0.024017467248908297,0.12521343198634036,5.213431986340353
/home/weifeng/MM/HB/impcol_c/impcol_c.mtx,411,0.020685249709639954,0.09408346539883783,4.548335974643423
/home/weifeng/MM/HB/west0132/west0132.mtx,414,0.020782918149466194,0.0777284826974268,3.740017746228926
/home/weifeng/MM/JGD_Homology/cis-n4c6-b1/cis-n4c6-b1.mtx,420,0.025766871165644172,0.14093959731543623,5.469798657718121
/home/weifeng/MM/JGD_Homology/n4c6-b1/n4c6-b1.mtx,420,0.026249999999999996,0.14119804400977995,5.378973105134475
/home/weifeng/MM/HB/ash219/ash219.mtx,438,0.02625613079019073,0.10020798668885192,3.8165557404326127
/home/weifeng/MM/Bai/bfwa62/bfwa62.mtx,450,0.014555373704309874,0.07879503839338453,5.41346721795629
/home/weifeng/MM/Bai/rw136/rw136.mtx,479,0.022365339578454338,0.1145083932853717,5.119904076738609
/home/weifeng/MM/HB/west0167/west0167.mtx,507,0.02461104847801578,0.10032169117647059,4.076286764705882
/home/weifeng/MM/HB/lns_131/lns_131.mtx,536,0.02256381168462848,0.09969924812030073,4.4185463659147866
/home/weifeng/MM/HB/lnsp_131/lnsp_131.mtx,536,0.023317702227432596,0.10774647887323943,4.620801733477789
/home/weifeng/MM/HB/impcol_a/impcol_a.mtx,572,0.02916760404949381,0.1286848635235732,4.411910669975186
/home/weifeng/MM/JGD_SPG/08blocks/08blocks.mtx,592,0.03426186750130412,0.15468676401318884,4.514837494112106
/home/weifeng/MM/HB/ash331/ash331.mtx,662,0.04050055617352613,0.17029934518241346,4.204864359214219
/home/weifeng/MM/Rajat/rajat11/rajat11.mtx,812,0.02966512702078522,0.10194444444444445,3.4365079365079367
/home/weifeng/MM/Bai/lop163/lop163.mtx,935,0.03242864835756597,0.171371656232214,5.284575981787137
/home/weifeng/MM/Bai/odepa400/odepa400.mtx,1201,0.05815539407490218,0.2280578693555458,3.9215256466462076
/home/weifeng/MM/Bai/tols90/tols90.mtx,1746,0.04280373831775701,0.21491136600625652,5.020855057351407
/home/weifeng/MM/Bai/olm500/olm500.mtx,1996,0.08385002797985452,0.350749063670412,4.183052434456928
/home/weifeng/MM/Bai/olm1000/olm1000.mtx,3996,0.15847780126849897,0.633643279797126,3.998309382924767
/home/weifeng/MM/Bai/olm2000/olm2000.mtx,7996,0.3175436739015352,0.8130116562754134,2.560314448359989
/home/weifeng/MM/Bai/olm5000/olm5000.mtx,19996,0.7473044344793224,1.3592894689142647,1.8189233278955954
