/home/weifeng/MM/HB/bcsstk25/bcsstk25.mtx,/home/weifeng/MM/HB/494_bus/494_bus.mtx,252241.0,1666,3.084029208013481,0.060689655172413794,0.22052785923753665,3.633697680618502,2.707388163730833
/home/weifeng/MM/HB/bcsstk24/bcsstk24.mtx,/home/weifeng/MM/Pothen/mesh3e1/mesh3e1.mtx,159910.0,1889,1.8042639593908631,0.03669785360484314,0.29701559020044543,8.093541202672606,4.62332785731049
/home/weifeng/MM/HB/685_bus/685_bus.mtx,/home/weifeng/MM/Pothen/mesh3em5/mesh3em5.mtx,3249.0,1889,0.0703044348467291,0.04695774647887323,0.30898980537534754,6.580166821130677,5.947994987468672
/home/weifeng/MM/HB/bcsstk14/bcsstk14.mtx,/home/weifeng/MM/Pothen/mesh2e1/mesh2e1.mtx,63454.0,2018,0.7262198176535417,0.04890420399724328,0.2563583815028902,5.2420520231213885,7.868348443042964
/home/weifeng/MM/HB/bcsstm05/bcsstm05.mtx,/home/weifeng/MM/Pothen/mesh2em5/mesh2em5.mtx,153.0,2018,0.009398171846435101,0.051457577955039885,0.27535894450911913,5.351183546759798,15.143964562569213
/home/weifeng/MM/HB/bcsstm26/bcsstm26.mtx,/home/weifeng/MM/JGD_Trefethen/Trefethen_150/Trefethen_150.mtx,1922.0,2040,0.11602193269279137,0.039857142857142855,0.3801089918256131,9.536784741144416,8.419737399407031
/home/weifeng/MM/HB/nos4/nos4.mtx,/home/weifeng/MM/Bai/mhdb416/mhdb416.mtx,594.0,2312,0.01224888035828535,0.041414427157001416,0.6501850481125092,15.699481865284975,12.0369657296881
/home/weifeng/MM/HB/1138_bus/1138_bus.mtx,/home/weifeng/MM/HB/bcsstk05/bcsstk05.mtx,4054.0,2423,0.09885862121442703,0.03004712535344015,0.38065671641791043,12.66865671641791,5.132257224681073
/home/weifeng/MM/HB/bcsstk11/bcsstk11.mtx,/home/weifeng/MM/HB/lund_a/lund_a.mtx,34241.0,2449,0.39086852365071156,0.04611151339608979,0.37949940405244337,8.230035756853397,10.013640639698966
/home/weifeng/MM/HB/bcsstm02/bcsstm02.mtx,/home/weifeng/MM/HB/662_bus/662_bus.mtx,66.0,2474,0.003802706241815801,0.08449963476990505,0.4115261472785486,4.870152970473141,16.033312338162226
/home/weifeng/MM/HB/bcsstm23/bcsstm23.mtx,/home/weifeng/MM/JGD_Trefethen/Trefethen_200b/Trefethen_200b.mtx,3134.0,2873,0.18364177938375897,0.0567571533382245,0.48715365239294706,8.583123425692696,5.898329493087558
/home/weifeng/MM/HB/nos1/nos1.mtx,/home/weifeng/MM/JGD_Trefethen/Trefethen_200/Trefethen_200.mtx,1017.0,2890,0.023041908648563803,0.04346368715083799,0.4770079705702023,10.97486204782342,10.398803046789988
/home/weifeng/MM/HB/bcsstk04/bcsstk04.mtx,/home/weifeng/MM/HB/bcsstk20/bcsstk20.mtx,3648.0,3135,0.04484616373216811,0.05310410697230182,0.5624683864441072,10.591805766312593,11.559774776782398
/home/weifeng/MM/HB/bcsstm24/bcsstm24.mtx,/home/weifeng/MM/HB/685_bus/685_bus.mtx,3562.0,3249,0.2096013337910067,0.06100548446069469,0.41817042606516286,6.854636591478697,4.645330296127563
/home/weifeng/MM/HB/nos2/nos2.mtx,/home/weifeng/MM/HB/nos6/nos6.mtx,4137.0,3255,0.09017130729192986,0.07818396226415095,0.6975276170436613,8.921620199894793,10.050279329608939
/home/weifeng/MM/HB/bcsstk21/bcsstk21.mtx,/home/weifeng/MM/HB/bcsstk04/bcsstk04.mtx,26600.0,3648,0.4362284820031299,0.06275309541150764,0.5184115523465704,8.261131167268353,7.49010989010989
/home/weifeng/MM/HB/bcsstm21/bcsstm21.mtx,/home/weifeng/MM/HB/1138_bus/1138_bus.mtx,3600.0,4054,0.12134831460674156,0.09123595505617979,0.5073678729497527,5.561051809424629,9.508547008547009
/home/weifeng/MM/HB/662_bus/662_bus.mtx,/home/weifeng/MM/HB/bcsstk02/bcsstk02.mtx,2474.0,4356,0.05575745890972189,0.06637393767705381,0.642357779300891,9.67786154900617,7.380647456421203
/home/weifeng/MM/HB/bcsstk28/bcsstk28.mtx,/home/weifeng/MM/HB/nos7/nos7.mtx,219024.0,4617,2.353089311859444,0.1174413646055437,0.873823373876256,7.440507667900581,4.350318471337579
/home/weifeng/MM/HB/bcsstk02/bcsstk02.mtx,/home/weifeng/MM/JGD_Trefethen/Trefethen_300/Trefethen_300.mtx,4356.0,4678,0.04832142857142857,0.08960116026105874,0.7940874035989717,8.862467866323907,13.293435196175126
/home/weifeng/MM/HB/bcsstk22/bcsstk22.mtx,/home/weifeng/MM/HB/nos5/nos5.mtx,696.0,5172,0.014604077761972499,0.08346666666666666,0.8614678899082568,10.321100917431192,8.317703768624014
/home/weifeng/MM/HB/bcsstm09/bcsstm09.mtx,/home/weifeng/MM/HB/plat362/plat362.mtx,1083.0,5786,0.06494103537877273,0.11228381374722839,0.793730407523511,7.06896551724138,13.29700996677741
/home/weifeng/MM/HB/bcsstk19/bcsstk19.mtx,/home/weifeng/MM/HB/bcsstk19/bcsstk19.mtx,6853.0,6853,0.11555938612099644,0.12763127187864645,1.0776354679802955,8.443349753694582,9.32538242157117
/home/weifeng/MM/HB/bcsstm06/bcsstm06.mtx,/home/weifeng/MM/HB/bcsstm07/bcsstm07.mtx,420.0,7252,0.02377134232619564,0.13446441409058232,1.0824074074074075,8.049768518518519,13.031346035648435
/home/weifeng/MM/HB/nos5/nos5.mtx,/home/weifeng/MM/Bates/Chem97ZtZ/Chem97ZtZ.mtx,5172.0,7361,0.0790237744582369,0.21110994213571804,2.058051282051282,9.748717948717948,10.90137614678899
/home/weifeng/MM/HB/bcsstk08/bcsstk08.mtx,/home/weifeng/MM/HB/gr_30_30/gr_30_30.mtx,12960.0,7744,0.18198967434471805,0.16579553148273526,1.2635706914344687,7.621259029927761,8.269293924466337
/home/weifeng/MM/HB/bcsstm07/bcsstm07.mtx,/home/weifeng/MM/HB/bcsstk06/bcsstk06.mtx,7252.0,7860,0.09791644853941996,0.14455732946298985,1.0451206715634838,7.229800629590767,11.054398148148149
/home/weifeng/MM/HB/lund_a/lund_a.mtx,/home/weifeng/MM/HB/bcsstk07/bcsstk07.mtx,2449.0,7860,0.03510091867982307,0.10957095709570953,1.1134712129681386,10.162101732811628,10.81166585735517
/home/weifeng/MM/HB/nos6/nos6.mtx,/home/weifeng/MM/JGD_Trefethen/Trefethen_500/Trefethen_500.mtx,3255.0,8478,0.06938049393051487,0.1300710900473934,1.3210589651022864,10.156438026474127,10.053655970541818
/home/weifeng/MM/HB/bcsstm25/bcsstm25.mtx,/home/weifeng/MM/JGD_Trefethen/Trefethen_700/Trefethen_700.mtx,15439.0,12654,0.9092015507680229,0.14833792470156104,1.8849474912485413,12.707117852975497,2.5194114737883284
/home/weifeng/MM/HB/nos3/nos3.mtx,/home/weifeng/MM/HB/bcsstk08/bcsstk08.mtx,15844.0,12960,0.20542315538086472,0.24505347593582888,1.5049261083743843,6.141215106732348,10.634391534391535
/home/weifeng/MM/HB/bcsstk01/bcsstk01.mtx,/home/weifeng/MM/HB/nos3/nos3.mtx,400.0,15844,0.0067062521830247995,0.2845485871812543,2.1845502645502646,7.677248677248678,15.958751393534003
/home/weifeng/MM/HB/bcsstk06/bcsstk06.mtx,/home/weifeng/MM/Bai/mhd3200b/mhd3200b.mtx,7860.0,18316,0.10274396533938517,0.459384203480589,3.175937066173068,6.913465987968533,10.172088142707242
/home/weifeng/MM/HB/bcsstk26/bcsstk26.mtx,/home/weifeng/MM/HB/bcsstk09/bcsstk09.mtx,30336.0,18437,0.40335235017922955,0.32831383344803855,2.3959819186338525,7.297840281265696,7.443442314919203
/home/weifeng/MM/HB/bcsstk03/bcsstk03.mtx,/home/weifeng/MM/HB/bcsstm12/bcsstm12.mtx,640.0,19659,0.013396650837290677,0.36104208416833666,2.1087787748731954,5.840811548966055,12.616144628967836
/home/weifeng/MM/HB/bcsstk23/bcsstk23.mtx,/home/weifeng/MM/Boeing/bcsstk34/bcsstk34.mtx,45178.0,21418,0.594886835801926,0.26959601549529605,2.5816640169581344,9.576046634870167,5.5969904240766075
/home/weifeng/MM/HB/494_bus/494_bus.mtx,/home/weifeng/MM/HB/bcsstk10/bcsstk10.mtx,1666.0,22070,0.04390192123978347,0.3787878787878788,2.770780856423174,7.314861460957179,5.023193814982671
/home/weifeng/MM/HB/bcsstk12/bcsstk12.mtx,/home/weifeng/MM/FIDAP/ex33/ex33.mtx,34241.0,22189,0.3912912630489984,0.3351873981531776,2.738925876608966,8.17132711939636,10.170253467240553
/home/weifeng/MM/HB/bcsstm11/bcsstm11.mtx,/home/weifeng/MM/HB/bcsstk21/bcsstk21.mtx,1473.0,26600,0.07665221162185602,0.6122168840082362,3.2673992673992673,5.336996336996338,12.143233280674037
/home/weifeng/MM/HB/plat1919/plat1919.mtx,/home/weifeng/MM/Bai/mhd4800b/mhd4800b.mtx,32399.0,27520,0.40222211579905176,0.7091534755677907,3.9478927203065135,5.567049808429119,7.175601374570446
/home/weifeng/MM/HB/bcsstk16/bcsstk16.mtx,/home/weifeng/MM/Boeing/msc01050/msc01050.mtx,290378.0,29156,3.0427024937173788,0.37581649371927917,3.0035792230467044,7.992143168921868,3.993823586180274
/home/weifeng/MM/HB/bcsstk15/bcsstk15.mtx,/home/weifeng/MM/HB/bcsstk26/bcsstk26.mtx,117816.0,30336,1.3996336996336998,0.5449658935879945,3.002329951146186,5.509207065013153,5.924050632911392
/home/weifeng/MM/HB/bcsstk09/bcsstk09.mtx,/home/weifeng/MM/TKK/plbuckle/plbuckle.mtx,18437.0,30644,0.23010949785345614,0.49208499335989375,3.4792488262910797,7.070422535211268,10.412355600200904
/home/weifeng/MM/HB/bcsstm08/bcsstm08.mtx,/home/weifeng/MM/HB/plat1919/plat1919.mtx,1074.0,32399,0.06284376828554711,0.5453766233766234,2.886185567010309,5.292096219931271,10.972712680577848
/home/weifeng/MM/HB/gr_30_30/gr_30_30.mtx,/home/weifeng/MM/HB/bcsstk11/bcsstk11.mtx,7744.0,34241,0.11909057750759879,0.5296753660089115,3.9140169332079027,7.389463781749765,10.61016511867905
/home/weifeng/MM/HB/lund_b/lund_b.mtx,/home/weifeng/MM/HB/bcsstk12/bcsstk12.mtx,2441.0,34241,0.03307472012496746,0.5337524053880692,3.979531324725012,7.455762792922047,11.263929618768326
/home/weifeng/MM/HB/nos7/nos7.mtx,/home/weifeng/MM/Boeing/msc00726/msc00726.mtx,4617.0,34518,0.08407876660051902,0.5162110960757781,3.9820459290187893,7.713987473903966,10.392913802221047
/home/weifeng/MM/HB/bcsstk05/bcsstk05.mtx,/home/weifeng/MM/Boeing/nasa1824/nasa1824.mtx,2423.0,39208,0.03215654629816422,0.6292708333333333,4.2318739054290715,6.725043782837129,11.837611940298506
/home/weifeng/MM/HB/bcsstk18/bcsstk18.mtx,/home/weifeng/MM/Nasa/nasa1824/nasa1824.mtx,149090.0,39208,2.0047038494768166,0.6276363636363637,4.191500433651345,6.678230702515178,2.793510324483776
/home/weifeng/MM/HB/bcsstk17/bcsstk17.mtx,/home/weifeng/MM/JGD_Trefethen/Trefethen_2000/Trefethen_2000.mtx,428650.0,41906,4.659535511226752,0.6684610431423051,3.962290076335878,5.927480916030535,1.915105656547015
/home/weifeng/MM/HB/bcsstk10/bcsstk10.mtx,/home/weifeng/MM/HB/bcsstk23/bcsstk23.mtx,22070.0,45178,0.27113630761646534,0.766830497794581,3.3295759233926128,4.341997264021888,10.219143576826196
/home/weifeng/MM/HB/bcsstm22/bcsstm22.mtx,/home/weifeng/MM/Boeing/msc01440/msc01440.mtx,138.0,46270,0.008575975748389543,0.6903808908973531,3.639891082368958,5.272294077603812,16.546491943068528
/home/weifeng/MM/HB/bcsstk07/bcsstk07.mtx,/home/weifeng/MM/FIDAP/ex3/ex3.mtx,7860.0,52685,0.1047043363994744,0.8066579634464752,5.192436974789916,6.436974789915967,10.63443264393516
/home/weifeng/MM/HB/bcsstk27/bcsstk27.mtx,/home/weifeng/MM/FIDAP/ex10/ex10.mtx,56126.0,54840,0.6373093068495955,0.7391160220994476,4.559645535105658,6.169052488070892,11.005070422535212
/home/weifeng/MM/HB/bcsstm19/bcsstm19.mtx,/home/weifeng/MM/HB/bcsstk27/bcsstk27.mtx,817.0,56126,0.050197122523168304,0.8609405255878285,7.013633802816901,8.146478873239438,12.44012738853503
/home/weifeng/MM/HB/plat362/plat362.mtx,/home/weifeng/MM/FIDAP/ex10hs/ex10hs.mtx,5786.0,57308,0.0865542388331814,0.6804079650315686,4.32395061728395,6.354938271604939,9.170323928944619
/home/weifeng/MM/HB/bcsstk20/bcsstk20.mtx,/home/weifeng/MM/HB/bcsstk14/bcsstk14.mtx,3135.0,63454,0.05288571828227724,0.753863754550182,5.71415057154119,7.579818683484431,10.635544050700705
/home/weifeng/MM/HB/bcsstm20/bcsstm20.mtx,/home/weifeng/MM/GHS_indef/bloweybq/bloweybq.mtx,485.0,69991,0.028971078699785956,1.5453444945267223,3.930429086144776,2.5433999344906653,13.731373889268625
/home/weifeng/MM/HB/bcsstk13/bcsstk13.mtx,/home/weifeng/MM/Nasa/nasa2146/nasa2146.mtx,83883.0,72250,0.9305123377266872,1.088976377952756,6.943933054393305,6.376569037656903,6.59327017314603
/home/weifeng/MM/HB/bcsstm12/bcsstm12.mtx,/home/weifeng/MM/Cannizzo/sts4098/sts4098.mtx,19659.0,72356,0.2757832431880804,0.9488605007664793,4.272710538426139,4.5029912563276575,7.646507998439328
/home/weifeng/MM/Oberwolfach/t2dah_e/t2dah_e.mtx,/home/weifeng/MM/FIDAP/ex13/ex13.mtx,176117.0,75628,2.3467967414261293,1.2077542662116039,5.899833277759252,4.884961653884629,3.345558546433378
/home/weifeng/MM/Oberwolfach/LF10/LF10.mtx,/home/weifeng/MM/HB/bcsstk13/bcsstk13.mtx,82.0,83883,0.0015671981776765377,1.2595305164319248,6.135119242077752,4.870957203528259,15.106675843083275
/home/weifeng/MM/Oberwolfach/boneS10/boneS10.mtx,/home/weifeng/MM/Norris/fv1/fv1.mtx,55468422.0,85264,125.21330900370158,1.216094890510949,5.036236538824863,4.141318722841489,1.163599082758035
/home/weifeng/MM/Oberwolfach/gyro/gyro.mtx,/home/weifeng/MM/Norris/fv2/fv2.mtx,1021159.0,87025,10.351901336073999,1.8419769803656059,4.043097042651211,2.194976965373755,3.6177361347719095
/home/weifeng/MM/Oberwolfach/LFAT5000/LFAT5000.mtx,/home/weifeng/MM/Norris/fv3/fv3.mtx,79966.0,87025,1.7966650024962556,1.4564239828693788,3.9991180361605174,2.74584742025577,2.256647138350609
/home/weifeng/MM/Oberwolfach/LF10000/LF10000.mtx,/home/weifeng/MM/Boeing/msc04515/msc04515.mtx,99982.0,97707,1.9223455900024036,1.6320488466757124,5.452493200362647,3.340888485947416,2.0941117262204325
/home/weifeng/MM/Oberwolfach/gyro_k/gyro_k.mtx,/home/weifeng/MM/FIDAP/ex15/ex15.mtx,1021159.0,98671,10.578736811953979,1.8182638414217362,4.687436123348018,2.5779735682819385,3.4713913075181715
/home/weifeng/MM/Oberwolfach/bone010/bone010.mtx,/home/weifeng/MM/FIDAP/ex9/ex9.mtx,71666325.0,99471,130.5349045269804,1.5525500667556742,5.971039794608473,3.8459563543003847,1.1662708310560364
/home/weifeng/MM/Oberwolfach/t2dal_e/t2dal_e.mtx,/home/weifeng/MM/Boeing/nasa4704/nasa4704.mtx,4257.0,104756,0.2609255286546124,1.7512081911262796,5.308338506103868,3.0312435340368307,5.384488448844884
/home/weifeng/MM/Oberwolfach/gyro_m/gyro_m.mtx,/home/weifeng/MM/Nasa/nasa4704/nasa4704.mtx,340431.0,104756,3.9434742477386013,1.7416972165648337,5.363830232071921,3.079657118962994,3.439780036956839
/home/weifeng/MM/Oberwolfach/boneS01/boneS01.mtx,/home/weifeng/MM/Boeing/crystm01/crystm01.mtx,6715152.0,105339,49.23001506780512,1.5722909090909092,4.872802404207364,3.0991735537190084,1.10734149054505
/home/weifeng/MM/Oberwolfach/t3dl_e/t3dl_e.mtx,/home/weifeng/MM/HB/bcsstk15/bcsstk15.mtx,20360.0,117816,1.1677101754050567,1.8639024390243903,8.291500904159133,4.448462929475588,2.5500304692260816
/home/weifeng/MM/Norris/fv1/fv1.mtx,/home/weifeng/MM/Pothen/bodyy4/bodyy4.mtx,85264.0,121938,1.2614871339840283,2.870198494182067,4.7678908470722,1.6611711199545198,3.99230115246552
/home/weifeng/MM/Norris/fv2/fv2.mtx,/home/weifeng/MM/Okunbor/aft01/aft01.mtx,87025.0,125567,1.2683449883449884,2.280520191649555,5.721861583376266,2.509015971148892,3.1876950512706195
/home/weifeng/MM/Norris/fv3/fv3.mtx,/home/weifeng/MM/Pothen/bodyy5/bodyy5.mtx,87025.0,129281,1.3482333118588632,3.0821914008321776,4.488507372248031,1.4562714603110485,2.9661913861531675
/home/weifeng/MM/Wissgott/parabolic_fem/parabolic_fem.mtx,/home/weifeng/MM/Pothen/bodyy6/bodyy6.mtx,3674625.0,134748,39.87317751984566,3.140040677966101,5.538818464482182,1.763932073666587,1.1749907097733183
/home/weifeng/MM/INPRO/msdoor/msdoor.mtx,/home/weifeng/MM/Bindel/ted_B/ted_B.mtx,20240935.0,144579,91.41461716462229,1.8079048490393412,6.7098132427843815,3.711375212224109,1.142613131171323
/home/weifeng/MM/MathWorks/Muu/Muu.mtx,/home/weifeng/MM/Bindel/ted_B_unscaled/ted_B_unscaled.mtx,170134.0,144579,2.0120364372469637,2.5124475524475525,6.7029850746268655,2.6679104477611943,2.790251066113135
/home/weifeng/MM/MathWorks/Kuu/Kuu.mtx,/home/weifeng/MM/HB/bcsstk18/bcsstk18.mtx,340200.0,149090,3.5812601277285294,2.733376963350785,5.6001609010458555,2.048806650576562,2.968170886971283
/home/weifeng/MM/Pothen/mesh1em1/mesh1em1.mtx,/home/weifeng/MM/HB/bcsstk24/bcsstk24.mtx,306.0,159910,0.005754940711462451,1.782547642928786,8.3417038253931,4.679652663693969,12.202572347266882
/home/weifeng/MM/Pothen/mesh3em5/mesh3em5.mtx,/home/weifeng/MM/MathWorks/Muu/Muu.mtx,1889.0,170134,0.030355083459787553,2.7400932711525647,5.614086814086815,2.048867048867049,10.179178251467409
/home/weifeng/MM/Pothen/mesh1e1/mesh1e1.mtx,/home/weifeng/MM/Boeing/nasa2910/nasa2910.mtx,306.0,174296,0.005443668993020937,2.5485290148448043,10.442134365496267,4.097318219518939,12.925257731958762
/home/weifeng/MM/Pothen/bodyy5/bodyy5.mtx,/home/weifeng/MM/Nasa/nasa2910/nasa2910.mtx,129281.0,174296,2.112916567625386,2.585160848733744,10.624247538677919,4.109704641350211,2.124318319531408
/home/weifeng/MM/Pothen/mesh3e1/mesh3e1.mtx,/home/weifeng/MM/Oberwolfach/t2dah_e/t2dah_e.mtx,1889.0,176117,0.03197384481255449,3.080422442244224,7.851345895020188,2.5487886944818308,9.289329823850982
/home/weifeng/MM/Pothen/mesh2em5/mesh2em5.mtx,/home/weifeng/MM/GHS_psdef/minsurfo/minsurfo.mtx,2018.0,203622,0.03768873517786561,5.43536,5.7899021567596005,1.065228826933193,7.306133867576324
/home/weifeng/MM/Pothen/bodyy4/bodyy4.mtx,/home/weifeng/MM/Cylshell/s3rmt3m3/s3rmt3m3.mtx,121938.0,207695,2.08287219555754,2.6600113442994897,8.45125247792395,3.1771490358623176,2.2890942887621284
/home/weifeng/MM/Pothen/mesh2e1/mesh2e1.mtx,/home/weifeng/MM/HB/bcsstk28/bcsstk28.mtx,2018.0,219024,0.03773631730556171,2.5046649350649353,10.236687898089173,4.087048832271762,6.79341281310212
/home/weifeng/MM/Pothen/bodyy6/bodyy6.mtx,/home/weifeng/MM/Cylshell/s1rmt3m1/s1rmt3m1.mtx,134748.0,219521,2.276062705784068,3.364659400544959,8.587134909596664,2.552155771905424,2.433508729968907
/home/weifeng/MM/Pothen/mesh1em6/mesh1em6.mtx,/home/weifeng/MM/Cylshell/s2rmt3m1/s2rmt3m1.mtx,306.0,219521,0.005360107095046854,3.2819401993355477,8.015774099318403,2.4423888347938987,13.067817365444048
/home/weifeng/MM/CEMW/tmt_sym/tmt_sym.mtx,/home/weifeng/MM/Cylshell/s3rmt3m1/s3rmt3m1.mtx,5080961.0,219521,51.077138586876885,2.279335486848177,8.453397227451651,3.7087112784528498,1.1051625858271794
/home/weifeng/MM/Nasa/nasa4704/nasa4704.mtx,/home/weifeng/MM/HB/bcsstk25/bcsstk25.mtx,104756.0,252241,1.0113745072273326,3.261742574257425,8.34966417437587,2.55987834241541,5.303505470764512
/home/weifeng/MM/Nasa/nasa2910/nasa2910.mtx,/home/weifeng/MM/Cylshell/s1rmq4m1/s1rmq4m1.mtx,174296.0,281111,1.2124943820224718,4.105868263473053,10.161567594269718,2.4748888522970525,8.762306610407876
/home/weifeng/MM/Nasa/nasa1824/nasa1824.mtx,/home/weifeng/MM/Cylshell/s2rmq4m1/s2rmq4m1.mtx,39208.0,281111,0.44725141388174805,4.141691275167785,10.794332691971313,2.6062620255378692,9.371687385564229
/home/weifeng/MM/Nasa/nasasrb/nasasrb.mtx,/home/weifeng/MM/Cylshell/s3rmq4m1/s3rmq4m1.mtx,2677324.0,281111,25.109944704381114,4.111339107261825,10.256140934020276,2.494598637194615,1.4984066284257491
/home/weifeng/MM/Nasa/nasa2146/nasa2146.mtx,/home/weifeng/MM/HB/bcsstk16/bcsstk16.mtx,72250.0,290378,0.8406443116198967,4.312301369863014,12.152016985138005,2.8179888052499518,8.260251046025104
/home/weifeng/MM/DNVS/shipsec1/shipsec1.mtx,/home/weifeng/MM/MathWorks/Kuu/Kuu.mtx,7813404.0,340200,52.565872624043436,4.551302241066021,10.62979204979488,2.3355495826849624,1.2556860010074007
/home/weifeng/MM/DNVS/shipsec5/shipsec5.mtx,/home/weifeng/MM/Boeing/bcsstk38/bcsstk38.mtx,10113096.0,355460,61.89173270387231,5.144603381014305,10.4716781365802,2.035468501852832,1.2305404751201632
/home/weifeng/MM/DNVS/shipsec8/shipsec8.mtx,/home/weifeng/MM/Oberwolfach/gyro_m/gyro_m.mtx,6653399.0,340431,49.10655615191249,4.355107033639143,13.564683993624627,3.114661451222687,1.2615925259278307
/home/weifeng/MM/DNVS/thread/thread.mtx,/home/weifeng/MM/GHS_psdef/cvxbqp1/cvxbqp1.mtx,4470048.0,349968,37.12207040668703,6.150363915940544,8.290858840599737,1.3480273612934428,2.3598249382399943
/home/weifeng/MM/DNVS/m_t1/m_t1.mtx,/home/weifeng/MM/HB/bcsstk17/bcsstk17.mtx,9753570.0,428650,63.5070226025486,4.423787740164684,8.92350281443204,2.017163421611147,1.207389660464942
/home/weifeng/MM/DNVS/ship_001/ship_001.mtx,/home/weifeng/MM/GHS_psdef/wathen100/wathen100.mtx,4644230.0,471601,37.79770962428426,7.263902154921373,9.42145339175102,1.297023719595105,2.447067223810008
/home/weifeng/MM/DNVS/ship_003/ship_003.mtx,/home/weifeng/MM/GHS_psdef/gridgena/gridgena.mtx,8086034.0,512084,52.40596709059128,9.660421186981493,11.049547445255477,1.1437956204379565,1.2301475494921037
/home/weifeng/MM/DNVS/x104/x104.mtx,/home/weifeng/MM/GHS_psdef/apache1/apache1.mtx,10167624.0,542184,64.9890405971236,11.946767676767676,12.741502827901966,1.0665230272017237,1.2311082888199918
/home/weifeng/MM/FIDAP/ex15/ex15.mtx,/home/weifeng/MM/JGD_Trefethen/Trefethen_20000b/Trefethen_20000b.mtx,98671.0,554435,1.3108559601833145,8.49357560025957,23.6121208622503,2.7799977269324234,3.5758590308370044
/home/weifeng/MM/FIDAP/ex10/ex10.mtx,/home/weifeng/MM/JGD_Trefethen/Trefethen_20000/Trefethen_20000.mtx,54840.0,554466,0.7028844638259865,6.259837398373984,23.334866490531866,3.7277112815411444,6.487048398091343
/home/weifeng/MM/FIDAP/ex3/ex3.mtx,/home/weifeng/MM/GHS_psdef/wathen120/wathen120.mtx,52685.0,565761,0.6284580960130187,9.522164226607256,11.48420082911101,1.2060494395823738,8.26218487394958
/home/weifeng/MM/FIDAP/ex33/ex33.mtx,/home/weifeng/MM/Schmid/thermal1/thermal1.mtx,22189.0,574458,0.32524113213513944,11.5388785046729,12.019811378156374,1.041679342865835,8.42121615623613
/home/weifeng/MM/FIDAP/ex13/ex13.mtx,/home/weifeng/MM/Boeing/crystm03/crystm03.mtx,75628.0,583770,0.8924892812105928,8.20475638051044,25.800508896569966,3.144579521929064,6.610536845615204
/home/weifeng/MM/FIDAP/ex5/ex5.mtx,/home/weifeng/MM/Mulvey/finan512/finan512.mtx,279.0,596992,0.004606980273141123,10.360213447171825,12.842633463035021,1.2396108949416345,13.382522168821499
/home/weifeng/MM/FIDAP/ex10hs/ex10hs.mtx,/home/weifeng/MM/TKK/cbuckle/cbuckle.mtx,57308.0,676515,0.6940255622708809,9.168246153846153,18.63464665415885,2.032520325203252,6.230246913580246
/home/weifeng/MM/FIDAP/ex9/ex9.mtx,/home/weifeng/MM/Botonakis/thermomech_TC/thermomech_TC.mtx,99471.0,711558,1.1923711868751603,13.929891737891735,14.316561255563364,1.027758257203092,5.00770218228498
/home/weifeng/MM/JGD_Trefethen/Trefethen_700/Trefethen_700.mtx,/home/weifeng/MM/Botonakis/thermomech_TK/thermomech_TK.mtx,12654.0,711558,0.1688159682307451,12.752717788210745,13.445560433347373,1.0543290188525247,11.165694282380398
/home/weifeng/MM/JGD_Trefethen/Trefethen_20/Trefethen_20.mtx,/home/weifeng/MM/ACUSIM/Pres_Poisson/Pres_Poisson.mtx,158.0,715804,0.0026433000808843356,9.163735498839907,15.580157790927021,1.700197238658777,14.867519140578025
/home/weifeng/MM/JGD_Trefethen/Trefethen_20000/Trefethen_20000.mtx,/home/weifeng/MM/AMD/G2_circuit/G2_circuit.mtx,554466.0,726674,6.1858790170132325,17.106936884771276,18.2684145436557,1.067895127380658,3.7722798047542137
/home/weifeng/MM/JGD_Trefethen/Trefethen_20b/Trefethen_20b.mtx,/home/weifeng/MM/Simon/olafu/olafu.mtx,147.0,1015156,0.002414634146341463,12.632691642651295,16.817095066369983,1.3312360929947058,15.071010860484543
/home/weifeng/MM/JGD_Trefethen/Trefethen_300/Trefethen_300.mtx,/home/weifeng/MM/Oberwolfach/gyro_k/gyro_k.mtx,4678.0,1021159,0.06215291750503019,13.324882742032472,36.722935013539534,2.755966842222141,12.776349614395885
/home/weifeng/MM/JGD_Trefethen/Trefethen_20000b/Trefethen_20000b.mtx,/home/weifeng/MM/Oberwolfach/gyro/gyro.mtx,554435.0,1021159,5.9128117094325985,12.98141769185706,37.45044752710851,2.88492739514886,3.9933828477207083
/home/weifeng/MM/JGD_Trefethen/Trefethen_200/Trefethen_200.mtx,/home/weifeng/MM/UTEP/Dubcova2/Dubcova2.mtx,2890.0,1030225,0.03870232682535437,14.342328042328045,34.45812385195731,2.402547463024286,12.32504631369369
/home/weifeng/MM/JGD_Trefethen/Trefethen_150/Trefethen_150.mtx,/home/weifeng/MM/Boeing/bcsstk36/bcsstk36.mtx,2040.0,1143140,0.029919571045576406,14.235294117647062,18.694198915546313,1.3132288494392037,12.704359673024522
/home/weifeng/MM/JGD_Trefethen/Trefethen_200b/Trefethen_200b.mtx,/home/weifeng/MM/Boeing/msc23052/msc23052.mtx,2873.0,1154814,0.040337091319052984,14.742588508415555,42.71496651947117,2.897385794569798,12.077064470011571
/home/weifeng/MM/JGD_Trefethen/Trefethen_2000/Trefethen_2000.mtx,/home/weifeng/MM/Castrillon/denormal/denormal.mtx,41906.0,1156224,0.5417880068889933,15.679452322738387,21.005227644939403,1.3396659023910906,7.313358778625955
/home/weifeng/MM/JGD_Trefethen/Trefethen_500/Trefethen_500.mtx,/home/weifeng/MM/Boeing/msc10848/msc10848.mtx,8478.0,1229778,0.12086980456922655,15.008977206312098,43.82762740212308,2.920094207598047,10.929602888086643
/home/weifeng/MM/Cannizzo/sts4098/sts4098.mtx,/home/weifeng/MM/Simon/raefsky4/raefsky4.mtx,72356.0,1328611,0.9439886126785624,16.258610478359905,54.989416267168465,3.3821719476187084,4.526231017027151
/home/weifeng/MM/Boeing/ct20stif/ct20stif.mtx,/home/weifeng/MM/Botonakis/thermomech_dM/thermomech_dM.mtx,2698463.0,1423116,24.564192357163602,18.899853111712407,22.47132596390537,1.188968286212748,1.3586447939568183
/home/weifeng/MM/Boeing/pwtk/pwtk.mtx,/home/weifeng/MM/Um/2cubes_sphere/2cubes_sphere.mtx,11634424.0,1647264,68.80076781658916,22.225105724600308,24.908073966225874,1.1207179068064395,1.2430851957654176
/home/weifeng/MM/Boeing/nasa2910/nasa2910.mtx,/home/weifeng/MM/Cunningham/qa8fm/qa8fm.mtx,174296.0,1660579,1.316,20.53856627127385,24.802194243393362,1.2075913145935027,7.934752557367984
/home/weifeng/MM/Boeing/msc00726/msc00726.mtx,/home/weifeng/MM/Rothberg/cfd1/cfd1.mtx,34518.0,1828364,0.3919852034525278,22.526009292720705,24.573597657129984,1.0908988510925883,10.15866388308977
/home/weifeng/MM/Boeing/msc01440/msc01440.mtx,/home/weifeng/MM/GHS_psdef/vanbody/vanbody.mtx,46270.0,2336898,0.49495510506340823,25.3175,30.10073137908841,1.1889298461178397,7.353982300884956
/home/weifeng/MM/Boeing/msc23052/msc23052.mtx,/home/weifeng/MM/Nasa/nasasrb/nasasrb.mtx,1154814.0,2677324,12.133498925244806,27.728266791921094,37.6249075844487,1.35691523263225,3.520416228050999
/home/weifeng/MM/Boeing/bcsstk36/bcsstk36.mtx,/home/weifeng/MM/Boeing/ct20stif/ct20stif.mtx,1143140.0,2698463,11.767896385654836,27.703397285914836,33.37401206381419,1.2046902305654208,1.5885760974522767
/home/weifeng/MM/Boeing/crystm01/crystm01.mtx,/home/weifeng/MM/Rothberg/cfd2/cfd2.mtx,105339.0,3087898,1.1554587486744432,32.20424163407214,35.43683228922576,1.1003777915929416,4.217201531251118
/home/weifeng/MM/Boeing/msc04515/msc04515.mtx,/home/weifeng/MM/ND/nd3k/nd3k.mtx,97707.0,3279690,1.1935106171859495,32.54713656387665,71.69513893980496,2.202809417630238,4.56844968268359
/home/weifeng/MM/Boeing/msc01050/msc01050.mtx,/home/weifeng/MM/GHS_psdef/oilpan/oilpan.mtx,29156.0,3597188,0.36302822474281193,30.343902065799544,42.89830178474852,1.4137371552190372,8.273679615888257
/home/weifeng/MM/Boeing/nasa1824/nasa1824.mtx,/home/weifeng/MM/UTEP/Dubcova3/Dubcova3.mtx,39208.0,3636649,0.44428192032686414,35.52921951219512,55.662790097840855,1.5666764106297084,9.525199455146916
/home/weifeng/MM/Boeing/nasa4704/nasa4704.mtx,/home/weifeng/MM/Wissgott/parabolic_fem/parabolic_fem.mtx,104756.0,3674625,0.9918247422680413,43.62456747404843,46.85061315496098,1.0739502043849871,5.352093247810194
/home/weifeng/MM/Boeing/bcsstk38/bcsstk38.mtx,/home/weifeng/MM/TKK/smt/smt.mtx,355460.0,3753184,3.951655596064526,35.49825331504344,71.24284333851205,2.0069394036444255,2.649947061937533
/home/weifeng/MM/Boeing/crystm03/crystm03.mtx,/home/weifeng/MM/GHS_psdef/s3dkt3m2/s3dkt3m2.mtx,583770.0,3753461,6.251473187978785,35.37179142136249,47.25512359550561,1.3359550561797753,4.127108622361657
/home/weifeng/MM/Boeing/bcsstk34/bcsstk34.mtx,/home/weifeng/MM/Williams/cant/cant.mtx,21418.0,4007383,0.24306955393673282,32.58874387023764,44.39276501721392,1.3622116026925648,10.62109167991521
/home/weifeng/MM/Boeing/crystm02/crystm02.mtx,/home/weifeng/MM/DNVS/thread/thread.mtx,322905.0,4470048,3.407299615498373,39.98898701298701,87.60158750480093,2.1906428256447463,2.2736239005101817
/home/weifeng/MM/Boeing/msc10848/msc10848.mtx,/home/weifeng/MM/DNVS/ship_001/ship_001.mtx,1229778.0,4644230,11.980923166642366,42.60680813439434,92.49353635667411,2.1708628364021645,3.658117725364372
/home/weifeng/MM/Boeing/bcsstm39/bcsstm39.mtx,/home/weifeng/MM/GHS_psdef/apache2/apache2.mtx,46772.0,4817870,2.7137800986364957,50.231897067624175,57.89192358093661,1.1524932753983033,1.6226267064176993
/home/weifeng/MM/BenElechi/BenElechi1/BenElechi1.mtx,/home/weifeng/MM/GHS_psdef/s3dkq4m2/s3dkq4m2.mtx,13150496.0,4820891,74.53990617629526,41.93348707753479,55.213193026543124,1.3166849903146431,1.2767795095800654
/home/weifeng/MM/ACUSIM/Pres_Poisson/Pres_Poisson.mtx,/home/weifeng/MM/McRae/ecology2/ecology2.mtx,715804.0,4995991,7.1582600815586765,49.15655765920827,59.15134623350494,1.2033256405704478,2.176528599605523
/home/weifeng/MM/UTEP/Dubcova3/Dubcova3.mtx,/home/weifeng/MM/CEMW/tmt_sym/tmt_sym.mtx,3636649.0,5080961,30.612545970368814,51.62633886255925,56.44854255732607,1.0934058815908794,1.818299926824748
/home/weifeng/MM/UTEP/Dubcova2/Dubcova2.mtx,/home/weifeng/MM/Williams/consph/consph.mtx,1030225.0,6010480,12.263391241404271,48.80144267274109,58.164253393665156,1.1918552036199093,2.8098364615179268
/home/weifeng/MM/UTEP/Dubcova1/Dubcova1.mtx,/home/weifeng/MM/DNVS/shipsec8/shipsec8.mtx,253009.0,6653399,3.1717834697649856,49.40529049897471,61.95246421530813,1.2539641724522157,1.7517809233046535
/home/weifeng/MM/Botonakis/thermomech_TC/thermomech_TC.mtx,/home/weifeng/MM/Oberwolfach/boneS01/boneS01.mtx,711558.0,6715152,10.149230928905032,50.576346749226005,54.5144382647386,1.0778642936596219,1.4106055282267511
/home/weifeng/MM/Botonakis/thermomech_dM/thermomech_dM.mtx,/home/weifeng/MM/ND/nd6k/nd6k.mtx,1423116.0,6897316,17.41934357604097,58.7169411764706,111.48676603277757,1.8987154950342204,1.2900213986715912
/home/weifeng/MM/Botonakis/thermomech_TK/thermomech_TK.mtx,/home/weifeng/MM/GHS_psdef/bmw7st_1/bmw7st_1.mtx,711558.0,7339667,9.986503267973855,52.83258043335521,65.81923926380368,1.2458077709611455,1.346373207173177
/home/weifeng/MM/McRae/ecology2/ecology2.mtx,/home/weifeng/MM/DNVS/shipsec1/shipsec1.mtx,4995991.0,7813404,50.53582406471183,54.56613709160794,66.0062303847495,1.2096555465147818,1.1704834605597965
/home/weifeng/MM/TKK/plbuckle/plbuckle.mtx,/home/weifeng/MM/DNVS/ship_003/ship_003.mtx,30644.0,8086034,0.37262670957361216,53.52215450907972,64.46707199525468,1.2044932156891823,9.337089201877935
/home/weifeng/MM/TKK/smt/smt.mtx,/home/weifeng/MM/DNVS/m_t1/m_t1.mtx,3753184.0,9753570,31.232522025988658,64.10929577464789,76.67772245723054,1.1960468685658665,2.2810467652670092
/home/weifeng/MM/TKK/cbuckle/cbuckle.mtx,/home/weifeng/MM/DNVS/shipsec5/shipsec5.mtx,676515.0,10113096,6.764006174521021,62.82028522532801,76.16028216743318,1.212351741069885,2.7549718574108817
/home/weifeng/MM/Janna/Geo_1438/Geo_1438.mtx,/home/weifeng/MM/DNVS/x104/x104.mtx,63156690.0,10167624,122.08587221561771,54.376968773800456,80.00854656157783,1.4713682716372194,1.0387593405503825
/home/weifeng/MM/Janna/PFlow_742/PFlow_742.mtx,/home/weifeng/MM/GHS_psdef/crankseg_1/crankseg_1.mtx,37138461.0,10614210,109.37877615496862,58.25022757697457,114.5462079088704,1.9664508221449215,1.1128508432155415
/home/weifeng/MM/Janna/Emilia_923/Emilia_923.mtx,/home/weifeng/MM/GHS_psdef/bmwcra_1/bmwcra_1.mtx,41005206.0,10644002,114.61670225862372,59.84157645822385,73.25968670590885,1.224227218630384,1.0115120711562895
/home/weifeng/MM/Janna/Serena/Serena.mtx,/home/weifeng/MM/GHS_psdef/hood/hood.mtx,64531701.0,10768436,118.23894080481632,57.78119250425895,76.05564916551879,1.3162699811000416,1.0210764528059715
/home/weifeng/MM/Janna/Hook_1498/Hook_1498.mtx,/home/weifeng/MM/Boeing/pwtk/pwtk.mtx,60917445.0,11634424,110.22277363324363,60.417920227920234,85.52521593009578,1.4155604100151236,1.013703776296877
/home/weifeng/MM/Janna/StocF-1465/StocF-1465.mtx,/home/weifeng/MM/BenElechi/BenElechi1/BenElechi1.mtx,21005389.0,13150496,63.706135390081286,70.50682029909291,95.17102485191435,1.3498130315364505,1.0325760126310413
/home/weifeng/MM/Janna/Fault_639/Fault_639.mtx,/home/weifeng/MM/GHS_psdef/crankseg_2/crankseg_2.mtx,28614564.0,14148858,102.45627133930297,83.03040459110476,121.78640227511195,1.4667687442313058,1.0623823700509873
/home/weifeng/MM/ND/nd24k/nd24k.mtx,/home/weifeng/MM/ND/nd12k/nd12k.mtx,28715634.0,14220946,115.63876946328075,87.49055893074119,149.9536215585822,1.713940605606231,1.5341322849318113
/home/weifeng/MM/ND/nd12k/nd12k.mtx,/home/weifeng/MM/Schenk_AFE/af_0_k101/af_0_k101.mtx,14220946.0,17550675,82.59317504014682,72.87145969498911,101.85140073081608,1.3976857490864798,1.8155691615644134
/home/weifeng/MM/ND/nd3k/nd3k.mtx,/home/weifeng/MM/Schenk_AFE/af_1_k101/af_1_k101.mtx,3279690.0,17550675,28.043439753700813,78.45504300234559,91.41087248627844,1.1651369878612585,2.556574356408741
/home/weifeng/MM/ND/nd6k/nd6k.mtx,/home/weifeng/MM/Schenk_AFE/af_2_k101/af_2_k101.mtx,6897316.0,17550675,52.09555265610438,72.56843247152415,90.47335677576413,1.2467315841673428,2.1400438300123095
/home/weifeng/MM/Castrillon/denormal/denormal.mtx,/home/weifeng/MM/Schenk_AFE/af_3_k101/af_3_k101.mtx,1156224.0,17550675,13.142796245440014,69.10743801652893,91.77664974619289,1.3280285361503634,1.5982312479528331
/home/weifeng/MM/Cylshell/s3rmt3m1/s3rmt3m1.mtx,/home/weifeng/MM/Schenk_AFE/af_4_k101/af_4_k101.mtx,219521.0,17550675,2.482569360675513,72.89792953142027,104.81433122682407,1.4378231576748315,3.405100119801472
/home/weifeng/MM/Cylshell/s3rmt3m3/s3rmt3m3.mtx,/home/weifeng/MM/Schenk_AFE/af_5_k101/af_5_k101.mtx,207695.0,17550675,2.3167671178737277,73.20372059091738,91.63417195561847,1.2517693256015707,3.647864480086502
/home/weifeng/MM/Cylshell/s1rmq4m1/s1rmq4m1.mtx,/home/weifeng/MM/Schenk_AFE/af_shell3/af_shell3.mtx,281111.0,17588875,2.995834749259673,79.24802994483846,101.66114887917307,1.282822411483737,3.3918985674296063
/home/weifeng/MM/Cylshell/s2rmt3m1/s2rmt3m1.mtx,/home/weifeng/MM/Schenk_AFE/af_shell4/af_shell4.mtx,219521.0,17588875,2.4949840884982573,73.4324571011318,93.79383510539078,1.2772803581421375,3.2127555988315484
/home/weifeng/MM/Cylshell/s2rmq4m1/s2rmq4m1.mtx,/home/weifeng/MM/Schenk_AFE/af_shell7/af_shell7.mtx,281111.0,17588875,2.9607638055942043,79.27926685061097,96.93084337349397,1.2226506024096384,3.645793248207102
/home/weifeng/MM/Cylshell/s1rmt3m1/s1rmt3m1.mtx,/home/weifeng/MM/Schenk_AFE/af_shell8/af_shell8.mtx,219521.0,17588875,2.467192807192807,71.18439214298355,98.31915725668475,1.381189812778022,3.480528511821975
/home/weifeng/MM/Cylshell/s3rmq4m1/s3rmq4m1.mtx,/home/weifeng/MM/Mazaheri/bundle_adj/bundle_adj.mtx,281111.0,20208051,2.9766158595408063,83.07425132226884,118.16029468987523,1.4223455861371241,3.445570882499584
/home/weifeng/MM/Williams/cant/cant.mtx,/home/weifeng/MM/INPRO/msdoor/msdoor.mtx,4007383.0,20240935,30.945182319650403,77.35314503552245,104.45154195329683,1.350320557817399,1.4345614305534147
/home/weifeng/MM/Williams/consph/consph.mtx,/home/weifeng/MM/Janna/Fault_639/Fault_639.mtx,6010480.0,28614564,45.10122451843795,84.7099174434088,108.84773637203573,1.2849467884885193,1.2896380090497737
/home/weifeng/MM/Um/2cubes_sphere/2cubes_sphere.mtx,/home/weifeng/MM/ND/nd24k/nd24k.mtx,1647264.0,28715634,18.45271902029631,115.53997218358833,177.40516962340587,1.53544410882769,1.349832181307766
/home/weifeng/MM/Um/offshore/offshore.mtx,/home/weifeng/MM/Janna/PFlow_742/PFlow_742.mtx,4242673.0,37138461,35.21170415554708,112.52561906073544,121.72226327394077,1.0817293367498957,1.0209519608304236
/home/weifeng/MM/Simon/olafu/olafu.mtx,/home/weifeng/MM/GHS_psdef/ldoor/ldoor.mtx,1015156.0,46522475,9.887544548202282,126.89221823580354,140.19543466375072,1.1048387096774195,1.7008363385252823
/home/weifeng/MM/Simon/raefsky4/raefsky4.mtx,/home/weifeng/MM/Oberwolfach/boneS10/boneS10.mtx,1328611.0,55468422,11.945656903765691,125.2982303839733,145.69809150580554,1.16281044879339,4.603297810255531
/home/weifeng/MM/GHS_psdef/apache1/apache1.mtx,/home/weifeng/MM/HB/bcsstm02/bcsstm02.mtx,542184.0,66,8.338626949854588,0.0048204503956177725,0.06096997690531178,12.6481909160893,1.5280096956638833
/home/weifeng/MM/GHS_psdef/crankseg_1/crankseg_1.mtx,/home/weifeng/MM/Oberwolfach/LF10/LF10.mtx,10614210.0,82,66.01268280842284,0.002527553269654666,0.02367515485203028,9.366827253957329,1.7352151592035425
/home/weifeng/MM/GHS_psdef/ldoor/ldoor.mtx,/home/weifeng/MM/HB/bcsstm22/bcsstm22.mtx,46522475.0,138,116.45413567981834,0.011637385804638089,0.14190231362467867,12.193658954584404,1.2038682340076545
/home/weifeng/MM/GHS_psdef/apache2/apache2.mtx,/home/weifeng/MM/JGD_Trefethen/Trefethen_20b/Trefethen_20b.mtx,4817870.0,147,48.490756787983834,0.003492063492063492,0.036390977443609016,10.421052631578947,1.1938754396854954
/home/weifeng/MM/GHS_psdef/bmw7st_1/bmw7st_1.mtx,/home/weifeng/MM/HB/bcsstm05/bcsstm05.mtx,7339667.0,153,47.363923930269415,0.013246753246753246,0.14232558139534884,10.744186046511627,1.389649205600126
/home/weifeng/MM/GHS_psdef/minsurfo/minsurfo.mtx,/home/weifeng/MM/JGD_Trefethen/Trefethen_20/Trefethen_20.mtx,203622.0,158,3.6895466217638395,0.0038081180811808117,0.0392993145468393,10.31987814166032,1.569271986592124
/home/weifeng/MM/GHS_psdef/s3dkt3m2/s3dkt3m2.mtx,/home/weifeng/MM/FIDAP/ex5/ex5.mtx,3753461.0,279,33.5169429391138,0.005018181818181818,0.0616530156366344,12.285927029039463,1.409887640449438
/home/weifeng/MM/GHS_psdef/audikw_1/audikw_1.mtx,/home/weifeng/MM/Pothen/mesh1e1/mesh1e1.mtx,77651847.0,306,134.80569202821465,0.00789587852494577,0.07036082474226804,8.911082474226804,1.00829201079199
/home/weifeng/MM/GHS_psdef/vanbody/vanbody.mtx,/home/weifeng/MM/Pothen/mesh1em1/mesh1em1.mtx,2336898.0,306,22.163174220230914,0.007684729064039409,0.0702250803858521,9.138263665594856,1.3581417120121702
/home/weifeng/MM/GHS_psdef/oilpan/oilpan.mtx,/home/weifeng/MM/Pothen/mesh1em6/mesh1em6.mtx,3597188.0,306,32.12984971847531,0.007884476534296029,0.07004490057729314,8.88389993585632,1.3351541373715523
/home/weifeng/MM/GHS_psdef/hood/hood.mtx,/home/weifeng/MM/HB/bcsstk01/bcsstk01.mtx,10768436.0,400,65.53032485992658,0.009045936395759716,0.10702341137123746,11.831103678929768,1.1606176121984817
/home/weifeng/MM/GHS_psdef/wathen120/wathen120.mtx,/home/weifeng/MM/HB/bcsstm06/bcsstm06.mtx,565761.0,420,7.28408238788528,0.03480662983425415,0.30977258758451137,8.899815611555008,1.5766159987716875
/home/weifeng/MM/GHS_psdef/cvxbqp1/cvxbqp1.mtx,/home/weifeng/MM/HB/bcsstm20/bcsstm20.mtx,349968.0,485,5.714253059669509,0.04248175182481752,0.3978127136021873,9.36431989063568,1.4509085884059971
/home/weifeng/MM/GHS_psdef/bmwcra_1/bmwcra_1.mtx,/home/weifeng/MM/HB/nos4/nos4.mtx,10644002.0,594,64.14787776369525,0.015322128851540617,0.14743935309973047,9.622641509433963,1.1420438097076138
/home/weifeng/MM/GHS_psdef/inline_1/inline_1.mtx,/home/weifeng/MM/HB/bcsstk03/bcsstk03.mtx,36816342.0,640,112.86430139305338,0.017303532804614274,0.16901408450704228,9.767605633802816,1.008442484938395
/home/weifeng/MM/GHS_psdef/wathen100/wathen100.mtx,/home/weifeng/MM/HB/bcsstk22/bcsstk22.mtx,471601.0,696,5.711462197188259,0.019507389162561575,0.12147239263803682,6.226993865030675,1.6495694213627436
/home/weifeng/MM/GHS_psdef/crankseg_2/crankseg_2.mtx,/home/weifeng/MM/HB/bcsstm19/bcsstm19.mtx,14148858.0,817,80.9288099566494,0.06651289009497964,0.6244585987261145,9.388535031847134,1.5048584347199525
/home/weifeng/MM/GHS_psdef/jnlbrng1/jnlbrng1.mtx,/home/weifeng/MM/MaxPlanck/shallow_water1/shallow_water1.mtx,199200.0,327680,3.8303302180685357,9.25069008782936,9.797740863787375,1.059136212624585,1.639190337820475
/home/weifeng/MM/GHS_psdef/s3dkq4m2/s3dkq4m2.mtx,/home/weifeng/MM/HB/nos1/nos1.mtx,4820891.0,1017,37.82601771815932,0.02509401709401709,0.2396082698585419,9.548422198041349,1.459661797811633
/home/weifeng/MM/Schmid/thermal1/thermal1.mtx,/home/weifeng/MM/HB/bcsstm08/bcsstm08.mtx,574458.0,1074,8.567706119616602,0.0873170731707317,0.6895666131621188,7.897271268057786,1.4029205962884088
/home/weifeng/MM/Schmid/thermal2/thermal2.mtx,/home/weifeng/MM/HB/bcsstm09/bcsstm09.mtx,8580313.0,1083,63.19590443686007,0.05625974025974026,0.8635215946843854,15.348837209302328,1.0593492052663893
/home/weifeng/MM/AMD/G2_circuit/G2_circuit.mtx,/home/weifeng/MM/HB/bcsstm11/bcsstm11.mtx,726674.0,1473,12.487818074224364,0.09814547473625763,0.9308056872037914,9.483938915218538,1.4628988374969083
/home/weifeng/MM/Bindel/ted_B/ted_B.mtx,/home/weifeng/MM/HB/bcsstm26/bcsstm26.mtx,144579.0,1922,1.612271290158083,0.12870535714285716,0.9768742058449807,7.590004235493433,4.161714770797963
/home/weifeng/MM/Mulvey/finan512/finan512.mtx,/home/weifeng/MM/HB/lund_b/lund_b.mtx,596992.0,2441,8.485044998381353,0.037541371158392435,0.37255131964809385,9.923753665689148,1.5135610318489696
/home/weifeng/MM/JGD_BIBD/bibd_81_2/bibd_81_2.mtx,/home/weifeng/MM/HB/bcsstm23/bcsstm23.mtx,3240.0,3134,0.18999218139171228,0.2484015852047556,1.0831797235023042,4.360599078341014,5.8552217453505
/home/weifeng/MM/Schenk_AFE/af_5_k101/af_5_k101.mtx,/home/weifeng/MM/JGD_BIBD/bibd_81_2/bibd_81_2.mtx,17550675.0,3240,83.74911321620831,0.13935483870967744,1.1124463519313306,7.982832618025751,1.0941509520113237
/home/weifeng/MM/Schenk_AFE/af_shell7/af_shell7.mtx,/home/weifeng/MM/HB/bcsstm24/bcsstm24.mtx,17588875.0,3562,82.86906184335214,0.27810019518542617,0.9736674259681095,3.5011389521640095,1.169686746987952
/home/weifeng/MM/Schenk_AFE/af_1_k101/af_1_k101.mtx,/home/weifeng/MM/HB/bcsstm21/bcsstm21.mtx,17550675.0,3600,81.9753691563017,0.2170854271356784,1.1538461538461537,5.3151709401709395,1.1151016875811337
/home/weifeng/MM/Schenk_AFE/af_shell3/af_shell3.mtx,/home/weifeng/MM/HB/nos2/nos2.mtx,17588875.0,4137,83.25668515605595,0.10255172413793104,0.9062468257998985,8.836973082783137,1.2210568879678536
/home/weifeng/MM/Schenk_AFE/af_2_k101/af_2_k101.mtx,/home/weifeng/MM/Oberwolfach/t2dal_e/t2dal_e.mtx,17550675.0,4257,83.25230233136978,0.34423180592991914,1.4049504950495049,4.081408140814081,1.086736993959066
/home/weifeng/MM/Schenk_AFE/af_3_k101/af_3_k101.mtx,/home/weifeng/MM/HB/bcsstm25/bcsstm25.mtx,17550675.0,15439,84.87903907968196,1.2326546906187623,2.2906528189910977,1.8583086053412465,1.081264005121873
/home/weifeng/MM/Schenk_AFE/af_shell4/af_shell4.mtx,/home/weifeng/MM/Oberwolfach/t3dl_e/t3dl_e.mtx,17588875.0,20360,82.85711343179057,1.6353413654618474,2.9776965265082267,1.820840950639854,1.1319949636261892
/home/weifeng/MM/Schenk_AFE/af_0_k101/af_0_k101.mtx,/home/weifeng/MM/Boeing/bcsstm39/bcsstm39.mtx,17550675.0,46772,84.03492242949564,3.839015047879617,4.403452063392437,1.1470265181233326,1.2120127892813641
/home/weifeng/MM/Schenk_AFE/af_4_k101/af_4_k101.mtx,/home/weifeng/MM/Oberwolfach/LFAT5000/LFAT5000.mtx,17550675.0,79966,84.17944254524865,2.4039545758183034,4.054438936457864,1.6865705272645337,1.2451297853449628
/home/weifeng/MM/Schenk_AFE/af_shell8/af_shell8.mtx,/home/weifeng/MM/Oberwolfach/LF10000/LF10000.mtx,17588875.0,99982,83.06070617385917,2.1387379679144387,4.025606441872169,1.882234524408656,1.1837024001564256
/home/weifeng/MM/Cunningham/qa8fm/qa8fm.mtx,/home/weifeng/MM/GHS_psdef/obstclae/obstclae.mtx,1660579.0,197608,16.02090793749033,2.5569646302250804,6.921542344851598,2.7069370702411,1.5481141480973157
/home/weifeng/MM/Rothberg/cfd2/cfd2.mtx,/home/weifeng/MM/GHS_psdef/torsion1/torsion1.mtx,3087898.0,197608,28.90092043681747,2.4928401253918495,6.984155981029335,2.801686281398209,1.2261489168380277
/home/weifeng/MM/Rothberg/cfd1/cfd1.mtx,/home/weifeng/MM/GHS_psdef/jnlbrng1/jnlbrng1.mtx,1828364.0,199200,18.625834542815674,5.358389261744967,6.278640284119737,1.171740233384069,1.3193286776300968
/home/weifeng/MM/Mazaheri/bundle_adj/bundle_adj.mtx,/home/weifeng/MM/UTEP/Dubcova1/Dubcova1.mtx,20208051.0,253009,97.61607303587502,2.8887792207792207,5.556269775187344,1.923397169025812,1.2104594152896313
/home/weifeng/MM/GHS_indef/bloweybq/bloweybq.mtx,/home/weifeng/MM/Boeing/crystm02/crystm02.mtx,69991.0,322905,1.1457288351368555,4.57460687245195,7.746917841996252,1.6934608935792488,3.4305055137023692
/home/weifeng/MM/Bai/mhdb416/mhdb416.mtx,/home/weifeng/MM/MaxPlanck/shallow_water2/shallow_water2.mtx,2312.0,327680,0.041713363092411436,9.568851395197921,10.713820267686424,1.1196558317399616,15.586972612879348
/home/weifeng/MM/Bai/mhd4800b/mhd4800b.mtx,/home/weifeng/MM/Um/offshore/offshore.mtx,27520.0,4242673,0.4915561492224024,35.30817457789105,35.94945840178657,1.0181624745986464,8.031417624521072
/home/weifeng/MM/Bai/mhd3200b/mhd3200b.mtx,/home/weifeng/MM/Schmid/thermal2/thermal2.mtx,18316.0,8580313,0.34946789551402824,61.208058212058205,66.9465311412784,1.0937535529936104,9.087922258213789
/home/weifeng/MM/MaxPlanck/shallow_water1/shallow_water1.mtx,/home/weifeng/MM/Janna/StocF-1465/StocF-1465.mtx,327680.0,21005389,5.6173714285714285,63.88066290868094,65.7814272612234,1.0297549252934282,1.7441860465116281
/home/weifeng/MM/MaxPlanck/shallow_water2/shallow_water2.mtx,/home/weifeng/MM/GHS_psdef/inline_1/inline_1.mtx,327680.0,36816342,6.5946332737030415,105.54038636973436,113.81715655764673,1.0784227770297972,1.624627151051625
/home/weifeng/MM/Bates/Chem97ZtZ/Chem97ZtZ.mtx,/home/weifeng/MM/Janna/Emilia_923/Emilia_923.mtx,7361.0,41005206,0.18235024208566106,100.00194213064444,115.93617789072427,1.1593392630241424,11.286254728877681
