/home/xiangjiawei/ydc/bicg_matrix/robot.mtx,870,0.013676119798568778,0.06135259298524603,4.486111111111111
/home/xiangjiawei/ydc/bicg_matrix/CAG_mat72.mtx,1012,0.013544066434503083,0.0745153214345712,5.501694915254237
/home/xiangjiawei/ydc/bicg_matrix/fs_183_1.mtx,1069,0.017086456771614196,0.053027660707633865,3.1034907597535932
/home/xiangjiawei/ydc/bicg_matrix/fs_183_3.mtx,1069,0.017167963846346973,0.052393561708073876,3.0518215309046246
/home/xiangjiawei/ydc/bicg_matrix/fs_183_4.mtx,1069,0.01706939590614079,0.048820015763448944,2.860090423345664
/home/xiangjiawei/ydc/bicg_matrix/fs_183_6.mtx,1069,0.017103551775887942,0.05543323929783466,3.2410367170626353
/home/xiangjiawei/ydc/bicg_matrix/ww_36_pmec_36.mtx,1194,0.01486697965571205,0.07486079266295446,5.035373317013464
/home/xiangjiawei/ydc/bicg_matrix/arc130.mtx,1282,0.017852004110996918,0.07913258846164256,4.432700551132885
/home/xiangjiawei/ydc/bicg_matrix/impcol_e.mtx,1308,0.021850886339937436,0.07520408084372113,3.4416947520462213
/home/xiangjiawei/ydc/bicg_matrix/impcol_d.mtx,1339,0.028915601023017903,0.12951878380361412,4.479200819672132
/home/xiangjiawei/ydc/bicg_matrix/rajat05.mtx,1384,0.02492331288343558,0.05215389045924522,2.0925745587340234
/home/xiangjiawei/ydc/bicg_matrix/nnc261.mtx,1500,0.025147173743162284,0.07608394367058947,3.0255465066438054
/home/xiangjiawei/ydc/bicg_matrix/cz148.mtx,1527,0.021285454072339317,0.07987967127324176,3.7527821112844513
/home/xiangjiawei/ydc/bicg_matrix/oscil_dcop_01.mtx,1544,0.03136024685009,0.07643055033592448,2.4371794871794874
/home/xiangjiawei/ydc/bicg_matrix/oscil_dcop_02.mtx,1544,0.031432989690721655,0.07408969611917743,2.357068062827225
/home/xiangjiawei/ydc/bicg_matrix/oscil_dcop_03.mtx,1544,0.03131997945557268,0.07488830801966394,2.3910714285714283
/home/xiangjiawei/ydc/bicg_matrix/oscil_dcop_04.mtx,1544,0.031368312757201644,0.07008134945478121,2.2341446923597026
/home/xiangjiawei/ydc/bicg_matrix/oscil_dcop_05.mtx,1544,0.03149793388429752,0.07276593819518887,2.3101813110181313
/home/xiangjiawei/ydc/bicg_matrix/oscil_dcop_06.mtx,1544,0.03123975409836066,0.07013161153247388,2.2449476174383243
/home/xiangjiawei/ydc/bicg_matrix/oscil_dcop_07.mtx,1544,0.031538660460305144,0.07338214018906417,2.3267361111111113
/home/xiangjiawei/ydc/bicg_matrix/oscil_dcop_08.mtx,1544,0.031128126595201634,0.07882179242720903,2.532172701949861
/home/xiangjiawei/ydc/bicg_matrix/oscil_dcop_09.mtx,1544,0.03140061791967045,0.07382045581895898,2.3509236667828515
/home/xiangjiawei/ydc/bicg_matrix/oscil_dcop_10.mtx,1544,0.031183840450012785,0.0744224866988193,2.386572199730094
/home/xiangjiawei/ydc/bicg_matrix/oscil_dcop_11.mtx,1544,0.03140061791967045,0.08083618346252767,2.5743500866551123
/home/xiangjiawei/ydc/bicg_matrix/oscil_dcop_12.mtx,1544,0.03124775813476812,0.06988750455138322,2.2365605958023016
/home/xiangjiawei/ydc/bicg_matrix/oscil_dcop_13.mtx,1544,0.03179353493222106,0.07857122405153903,2.4712956335003584
/home/xiangjiawei/ydc/bicg_matrix/oscil_dcop_14.mtx,1544,0.03134412747365716,0.07845224352151202,2.5029327610872683
/home/xiangjiawei/ydc/bicg_matrix/oscil_dcop_15.mtx,1544,0.03149793388429752,0.0763099837188313,2.4226980728051393
/home/xiangjiawei/ydc/bicg_matrix/oscil_dcop_16.mtx,1544,0.03134412747365716,0.08872463121811526,2.8306620209059234
/home/xiangjiawei/ydc/bicg_matrix/oscil_dcop_17.mtx,1544,0.030674044265593566,0.0732047652906339,2.3865377730039388
/home/xiangjiawei/ydc/bicg_matrix/oscil_dcop_18.mtx,1544,0.03146542827657379,0.07948139459818244,2.5259911894273133
/home/xiangjiawei/ydc/bicg_matrix/oscil_dcop_19.mtx,1544,0.031473548387096775,0.07714213557990307,2.4510148849797018
/home/xiangjiawei/ydc/bicg_matrix/oscil_dcop_20.mtx,1544,0.03124775813476812,0.06914568018026897,2.212820512820513
/home/xiangjiawei/ydc/bicg_matrix/oscil_dcop_21.mtx,1544,0.031384457025218734,0.07505798164044093,2.3915654038599
/home/xiangjiawei/ydc/bicg_matrix/oscil_dcop_22.mtx,1544,0.03131193838254172,0.08059288212735094,2.5738707435719244
/home/xiangjiawei/ydc/bicg_matrix/oscil_dcop_23.mtx,1544,0.031368312757201644,0.0771078725620636,2.458145363408521
/home/xiangjiawei/ydc/bicg_matrix/oscil_dcop_24.mtx,1544,0.03123975409836066,0.08797715844217868,2.816192411924119
/home/xiangjiawei/ydc/bicg_matrix/oscil_dcop_25.mtx,1544,0.031336073997944504,0.07427519394678664,2.3702775897088686
/home/xiangjiawei/ydc/bicg_matrix/oscil_dcop_26.mtx,1544,0.03155498059508408,0.07150829318385135,2.266149173135336
/home/xiangjiawei/ydc/bicg_matrix/oscil_dcop_27.mtx,1544,0.03152235719824244,0.07559829886395109,2.3982438365417087
/home/xiangjiawei/ydc/bicg_matrix/oscil_dcop_28.mtx,1544,0.03134412747365716,0.08208074986063647,2.618696275071634
/home/xiangjiawei/ydc/bicg_matrix/oscil_dcop_29.mtx,1544,0.031223758320532514,0.07253367705753985,2.3230283911671914
/home/xiangjiawei/ydc/bicg_matrix/oscil_dcop_30.mtx,1544,0.03123975409836066,0.07579786247265798,2.426327116212338
/home/xiangjiawei/ydc/bicg_matrix/oscil_dcop_31.mtx,1544,0.031072611464968154,0.07399409667348968,2.3813285457809688
/home/xiangjiawei/ydc/bicg_matrix/oscil_dcop_32.mtx,1544,0.031441093065223,0.07700052000284503,2.449040809208231
/home/xiangjiawei/ydc/bicg_matrix/oscil_dcop_33.mtx,1544,0.031191815856777494,0.07481571860602373,2.398568872987478
/home/xiangjiawei/ydc/bicg_matrix/oscil_dcop_34.mtx,1544,0.031416795466254505,0.07248813360078268,2.3073051380636143
/home/xiangjiawei/ydc/bicg_matrix/oscil_dcop_35.mtx,1544,0.03166147455867082,0.08022744253247599,2.5339136490250693
/home/xiangjiawei/ydc/bicg_matrix/oscil_dcop_36.mtx,1544,0.031620430386310606,0.09036931378817144,2.857940663176265
/home/xiangjiawei/ydc/bicg_matrix/oscil_dcop_37.mtx,1544,0.03153050672182006,0.07412434913550682,2.3508771929824563
/home/xiangjiawei/ydc/bicg_matrix/oscil_dcop_38.mtx,1544,0.03149793388429752,0.07580884815133969,2.406787963610916
/home/xiangjiawei/ydc/bicg_matrix/oscil_dcop_39.mtx,1544,0.03131997945557268,0.09056031528387502,2.8914551304969605
/home/xiangjiawei/ydc/bicg_matrix/oscil_dcop_40.mtx,1544,0.031432989690721655,0.08122572850140548,2.5840917233966323
/home/xiangjiawei/ydc/bicg_matrix/oscil_dcop_41.mtx,1544,0.031112244897959183,0.07183602634558559,2.3089309878213804
/home/xiangjiawei/ydc/bicg_matrix/oscil_dcop_42.mtx,1544,0.031473548387096775,0.07519443680441022,2.3891312120128703
/home/xiangjiawei/ydc/bicg_matrix/oscil_dcop_43.mtx,1544,0.03127981533726597,0.07442348529530032,2.3792814788978025
/home/xiangjiawei/ydc/bicg_matrix/oscil_dcop_44.mtx,1544,0.03153050672182006,0.08326766076213986,2.6408602150537632
/home/xiangjiawei/ydc/bicg_matrix/oscil_dcop_45.mtx,1544,0.03152235719824244,0.07184991563474129,2.2793319415448847
/home/xiangjiawei/ydc/bicg_matrix/oscil_dcop_46.mtx,1544,0.03156314699792961,0.08395435346182822,2.659885386819484
/home/xiangjiawei/ydc/bicg_matrix/oscil_dcop_47.mtx,1544,0.031546818416968436,0.0722350807397111,2.2897738778265264
/home/xiangjiawei/ydc/bicg_matrix/oscil_dcop_48.mtx,1544,0.031538660460305144,0.07715414026942864,2.44633535931355
/home/xiangjiawei/ydc/bicg_matrix/oscil_dcop_49.mtx,1544,0.031677922077922076,0.07560198426311635,2.3865828092243184
/home/xiangjiawei/ydc/bicg_matrix/oscil_dcop_50.mtx,1544,0.0333224043715847,0.07907774485004557,2.373110414489725
/home/xiangjiawei/ydc/bicg_matrix/oscil_dcop_51.mtx,1544,0.031336073997944504,0.0768097665184343,2.4511611289746336
/home/xiangjiawei/ydc/bicg_matrix/oscil_dcop_52.mtx,1544,0.03151421188630491,0.07730345217883419,2.4529711375212226
/home/xiangjiawei/ydc/bicg_matrix/oscil_dcop_53.mtx,1544,0.0314573123549136,0.0820391383170014,2.6079512893982812
/home/xiangjiawei/ydc/bicg_matrix/oscil_dcop_54.mtx,1544,0.031255766273705785,0.08153385911829059,2.6086021505376342
/home/xiangjiawei/ydc/bicg_matrix/oscil_dcop_55.mtx,1544,0.03123175416133163,0.07060686763639491,2.2607397353240577
/home/xiangjiawei/ydc/bicg_matrix/oscil_dcop_56.mtx,1544,0.03153050672182006,0.07432536392731405,2.3572524407252438
/home/xiangjiawei/ydc/bicg_matrix/oscil_dcop_57.mtx,1544,0.031151979565772675,0.07336715690605668,2.355136268343817
/home/xiangjiawei/ydc/bicg_matrix/oscil_trans_01.mtx,1614,0.031842776927003574,0.07837349754264754,2.461264534883721
/home/xiangjiawei/ydc/bicg_matrix/shl_0.mtx,1687,0.03216937587798515,0.07537927274074781,2.3431997259335393
/home/xiangjiawei/ydc/bicg_matrix/shl_400.mtx,1712,0.03242211055276382,0.06775783656279516,2.089865076874804
/home/xiangjiawei/ydc/bicg_matrix/shl_200.mtx,1726,0.03212782850337435,0.06442066398093521,2.0051359516616314
/home/xiangjiawei/ydc/bicg_matrix/west0497.mtx,1727,0.03408554572271387,0.085485789810695,2.5079777365491647
/home/xiangjiawei/ydc/bicg_matrix/rw496.mtx,1859,0.037234593474883476,0.14107439769943994,3.7887991927346114
/home/xiangjiawei/ydc/bicg_matrix/west0479.mtx,1910,0.0361269201712415,0.11114276698054004,3.076452862677572
/home/xiangjiawei/ydc/bicg_matrix/west0381.mtx,2157,0.03545454545454545,0.12229826353421859,3.449438202247191
/home/xiangjiawei/ydc/bicg_matrix/tols340.mtx,2196,0.03333497415702683,0.1290049639180823,3.86995841995842
/home/xiangjiawei/ydc/bicg_matrix/Chebyshev1.mtx,2319,0.03129992737835875,0.1329127227483424,4.246422719825232
/home/xiangjiawei/ydc/bicg_matrix/ch5-5-b3.mtx,2400,0.046403712296983764,0.13033946296970975,2.8088154269972447
/home/xiangjiawei/ydc/bicg_matrix/str_0.mtx,2454,0.037300951427140704,0.11466793352048979,3.0741289198606276
/home/xiangjiawei/ydc/bicg_matrix/dw256A.mtx,2480,0.04319514661274014,0.19066667062022422,4.414076246334311
/home/xiangjiawei/ydc/bicg_matrix/dwa512.mtx,2480,0.04329364073980238,0.1947605491735045,4.498594847775176
/home/xiangjiawei/ydc/bicg_matrix/dw256B.mtx,2500,0.043662258392675485,0.16191183486046531,3.70827897641746
/home/xiangjiawei/ydc/bicg_matrix/dwb512.mtx,2500,0.0437512742099898,0.14912756593281837,3.408530805687205
/home/xiangjiawei/ydc/bicg_matrix/fs_680_1.mtx,2646,0.051168236192415374,0.2009564041573318,3.9273662551440336
/home/xiangjiawei/ydc/bicg_matrix/fs_680_2.mtx,2646,0.05149590163934427,0.22506049739195233,4.370454545454545
/home/xiangjiawei/ydc/bicg_matrix/fs_680_3.mtx,2646,0.05115521628498728,0.2156397197360377,4.215400410677618
/home/xiangjiawei/ydc/bicg_matrix/mcca.mtx,2659,0.03348434716212777,0.1379142410845733,4.118767507002802
/home/xiangjiawei/ydc/bicg_matrix/lns_511.mtx,2796,0.045925369396443774,0.13991850299880462,3.0466494845360828
/home/xiangjiawei/ydc/bicg_matrix/lnsp_511.mtx,2796,0.04574208031928161,0.14329989474794763,3.132780445220428
/home/xiangjiawei/ydc/bicg_matrix/west0655.mtx,2854,0.05287952735679425,0.15551677864811417,2.9409638554216864
/home/xiangjiawei/ydc/bicg_matrix/ck400.mtx,2860,0.04354715052389471,0.16089685859072464,3.694773519163764
/home/xiangjiawei/ydc/bicg_matrix/qh768.mtx,2934,0.057279673968415684,0.14286464551467096,2.494159544159544
/home/xiangjiawei/ydc/bicg_matrix/str_200.mtx,3068,0.04303000247954376,0.12181683695653873,2.830974434975918
/home/xiangjiawei/ydc/bicg_matrix/utm300.mtx,3155,0.04198701947079381,0.13375128805477146,3.1855390008764237
/home/xiangjiawei/ydc/bicg_matrix/str_400.mtx,3157,0.04415357766143106,0.1171638104502236,2.6535519125683056
/home/xiangjiawei/ydc/bicg_matrix/cz308.mtx,3182,0.04274962368289011,0.11581105297111316,2.7090543259557345
/home/xiangjiawei/ydc/bicg_matrix/bp_0.mtx,3276,0.05545741324921136,0.13517597714993018,2.4374735356386728
/home/xiangjiawei/ydc/bicg_matrix/str_600.mtx,3279,0.04540419161676647,0.10219010964557372,2.2506756756756756
/home/xiangjiawei/ydc/bicg_matrix/qh882.mtx,3354,0.06597695262483996,0.1933330018598652,2.930311179408374
/home/xiangjiawei/ydc/bicg_matrix/pores_3.mtx,3474,0.05512396694214876,0.18285434059689346,3.3171477079796263
/home/xiangjiawei/ydc/bicg_matrix/west0989.mtx,3537,0.07049609670108285,0.21352822511570194,3.0289368505195844
/home/xiangjiawei/ydc/bicg_matrix/tols1090.mtx,3546,0.0685222248080056,0.2769815084117085,4.042214174857735
/home/xiangjiawei/ydc/bicg_matrix/bfwa398.mtx,3678,0.050913654618473886,0.21313139190149397,4.186134220743206
/home/xiangjiawei/ydc/bicg_matrix/bp_200.mtx,3802,0.0598074770539512,0.13006461440809022,2.1747216370749323
/home/xiangjiawei/ydc/bicg_matrix/ck656.mtx,3884,0.0630290668026517,0.24459334397643365,3.8806435884934176
/home/xiangjiawei/ydc/bicg_matrix/young3c.mtx,3988,0.07081992337164753,0.2569509468551211,3.6282296650717702
/home/xiangjiawei/ydc/bicg_matrix/bp_400.mtx,4028,0.06181736794986571,0.12360082207397412,1.9994513867723254
/home/xiangjiawei/ydc/bicg_matrix/nnc666.mtx,4044,0.06375,0.19254386892177586,3.0202959830866796
/home/xiangjiawei/ydc/bicg_matrix/bp_600.mtx,4172,0.061833333333333344,0.10958085126462817,1.7721970554926385
/home/xiangjiawei/ydc/bicg_matrix/b2_ss.mtx,4228,0.08069761606022585,0.25261081446189904,3.130338004946414
/home/xiangjiawei/ydc/bicg_matrix/b_dyn.mtx,4264,0.08161192521475492,0.24474273273278216,2.99885993485342
/home/xiangjiawei/ydc/bicg_matrix/fs_541_1.mtx,4285,0.06278963414634146,0.18261318597560977,2.908333333333333
/home/xiangjiawei/ydc/bicg_matrix/fs_541_2.mtx,4285,0.06294956698930208,0.1949284687532858,3.096581566421462
/home/xiangjiawei/ydc/bicg_matrix/fs_541_3.mtx,4285,0.06270997208830247,0.20195226198063487,3.220417028670721
/home/xiangjiawei/ydc/bicg_matrix/fs_541_4.mtx,4285,0.06197091273821464,0.23682783421792838,3.8215966774342416
/home/xiangjiawei/ydc/bicg_matrix/bp_800.mtx,4534,0.0644294718539448,0.12680354872114014,1.9680985280865124
/home/xiangjiawei/ydc/bicg_matrix/bp_1000.mtx,4661,0.06821719457013575,0.11059813646256224,1.6212648022171832
/home/xiangjiawei/ydc/bicg_matrix/bp_1200.mtx,4726,0.06637276298559582,0.11847943980687668,1.7850611376927163
/home/xiangjiawei/ydc/bicg_matrix/bp_1400.mtx,4790,0.06646727351538795,0.10848159633872058,1.6321054046786772
/home/xiangjiawei/ydc/bicg_matrix/bp_1600.mtx,4841,0.06745029495302601,0.13212704677222195,1.9588801926550266
/home/xiangjiawei/ydc/bicg_matrix/tols2000.mtx,5184,0.11114253135689853,0.5155678717862966,4.638799076212472
/home/xiangjiawei/ydc/bicg_matrix/rajat19.mtx,5399,0.08313682358117026,0.18235915176212383,2.193482309124768
/home/xiangjiawei/ydc/bicg_matrix/west1505.mtx,5445,0.10701798201798203,0.3262220900624396,3.0482922954725966
/home/xiangjiawei/ydc/bicg_matrix/fpga_dcop_05.mtx,5852,0.10039176791470368,0.24892469816323015,2.479532967032966
/home/xiangjiawei/ydc/bicg_matrix/fpga_dcop_07.mtx,5855,0.10074626865671643,0.22350925144173672,2.218536273569831
/home/xiangjiawei/ydc/bicg_matrix/fpga_dcop_06.mtx,5860,0.10163029847002758,0.23870924504640076,2.3487999999999998
/home/xiangjiawei/ydc/bicg_matrix/circuit204.mtx,5883,0.09215695832317816,0.25292377664733984,2.744489198095936
/home/xiangjiawei/ydc/bicg_matrix/fpga_dcop_04.mtx,5884,0.10083416087388283,0.2520595968972154,2.4997440818937946
/home/xiangjiawei/ydc/bicg_matrix/fpga_dcop_10.mtx,5884,0.10073412698412698,0.21457365778527596,2.1300989466964566
/home/xiangjiawei/ydc/bicg_matrix/fpga_dcop_08.mtx,5888,0.10127617148554337,0.2391403487517568,2.3612696377043916
/home/xiangjiawei/ydc/bicg_matrix/fpga_dcop_09.mtx,5888,0.10052449282533399,0.23256937746878112,2.313559322033898
/home/xiangjiawei/ydc/bicg_matrix/fpga_dcop_01.mtx,5892,0.10046465645081562,0.23702946218074547,2.3593318342434957
/home/xiangjiawei/ydc/bicg_matrix/fpga_dcop_02.mtx,5892,0.10056407718951015,0.21678007536107133,2.1556412729026038
/home/xiangjiawei/ydc/bicg_matrix/fpga_dcop_03.mtx,5892,0.09994590607327268,0.21603074978855372,2.161476725521669
/home/xiangjiawei/ydc/bicg_matrix/fpga_dcop_11.mtx,5892,0.1001922602908553,0.23384340832301248,2.333946830265848
/home/xiangjiawei/ydc/bicg_matrix/fpga_dcop_12.mtx,5892,0.10014289233801428,0.2593878518321335,2.590177353342428
/home/xiangjiawei/ydc/bicg_matrix/fpga_dcop_13.mtx,5892,0.10083850161250311,0.24206424885798303,2.4005141388174804
/home/xiangjiawei/ydc/bicg_matrix/fpga_dcop_14.mtx,5892,0.1012908048841266,0.2185530165787737,2.157678743186919
/home/xiangjiawei/ydc/bicg_matrix/fpga_dcop_15.mtx,5892,0.10091360476663358,0.22311601126095415,2.2109606705351386
/home/xiangjiawei/ydc/bicg_matrix/fpga_dcop_16.mtx,5892,0.10043983197430195,0.2294829582840844,2.284780388151175
/home/xiangjiawei/ydc/bicg_matrix/fpga_dcop_17.mtx,5892,0.10056407718951015,0.21936610113257918,2.1813564770170366
/home/xiangjiawei/ydc/bicg_matrix/fpga_dcop_18.mtx,5892,0.10026640355204734,0.2341154402045167,2.334934054785256
/home/xiangjiawei/ydc/bicg_matrix/fpga_dcop_19.mtx,5892,0.10051434223541049,0.24263574563514795,2.4139415354963054
/home/xiangjiawei/ydc/bicg_matrix/fpga_dcop_20.mtx,5892,0.10076351016360932,0.2350049581961643,2.332242672119973
/home/xiangjiawei/ydc/bicg_matrix/fpga_dcop_21.mtx,5892,0.10111442786069653,0.2576489297382299,2.5480926430517714
/home/xiangjiawei/ydc/bicg_matrix/fpga_dcop_22.mtx,5892,0.10048949320148332,0.2728276049753623,2.7149863760217983
/home/xiangjiawei/ydc/bicg_matrix/fpga_dcop_23.mtx,5892,0.10091360476663358,0.21474855963284323,2.1280436877610027
/home/xiangjiawei/ydc/bicg_matrix/fpga_dcop_24.mtx,5892,0.10039021980735982,0.23426208240605717,2.3335149863760223
/home/xiangjiawei/ydc/bicg_matrix/fpga_dcop_25.mtx,5892,0.10056407718951015,0.2183354266557487,2.171107544141252
/home/xiangjiawei/ydc/bicg_matrix/fpga_dcop_26.mtx,5892,0.10063877197326071,0.23600307243285804,2.3450511945392485
/home/xiangjiawei/ydc/bicg_matrix/fpga_dcop_27.mtx,5892,0.10101391650099402,0.2612939196168813,2.5867120954003404
/home/xiangjiawei/ydc/bicg_matrix/fpga_dcop_28.mtx,5892,0.1008885579548275,0.24159593441920435,2.3946812137742923
/home/xiangjiawei/ydc/bicg_matrix/fpga_dcop_29.mtx,5892,0.1005392035617116,0.23870223894166315,2.3742205078752807
/home/xiangjiawei/ydc/bicg_matrix/fpga_dcop_30.mtx,5892,0.1009888198757764,0.23801205159926747,2.3568158524086096
/home/xiangjiawei/ydc/bicg_matrix/fpga_dcop_31.mtx,5892,0.10073853779429988,0.21394545427732492,2.123769700868446
/home/xiangjiawei/ydc/bicg_matrix/fpga_dcop_32.mtx,5892,0.10043983197430195,0.21548616278788446,2.1454253611556986
/home/xiangjiawei/ydc/bicg_matrix/fpga_dcop_33.mtx,5892,0.10081349206349206,0.2100394068076584,2.083445405059237
/home/xiangjiawei/ydc/bicg_matrix/fpga_dcop_34.mtx,5892,0.0954402441887767,0.20542231074979483,2.1523657289002562
/home/xiangjiawei/ydc/bicg_matrix/fpga_dcop_35.mtx,5892,0.10006893156080747,0.23588939240682458,2.35726902173913
/home/xiangjiawei/ydc/bicg_matrix/fpga_dcop_36.mtx,5892,0.10048949320148332,0.21636343402200672,2.1530950861518825
/home/xiangjiawei/ydc/bicg_matrix/fpga_dcop_37.mtx,5892,0.10043983197430195,0.22112859161265386,2.201602564102564
/home/xiangjiawei/ydc/bicg_matrix/fpga_dcop_38.mtx,5892,0.10063877197326071,0.25930375019727003,2.5765790372140662
/home/xiangjiawei/ydc/bicg_matrix/fpga_dcop_39.mtx,5892,0.10061386138613863,0.30126586451560694,2.994277929155314
/home/xiangjiawei/ydc/bicg_matrix/fpga_dcop_40.mtx,5892,0.10024167694204686,0.2357043240477449,2.3513605442176875
/home/xiangjiawei/ydc/bicg_matrix/fpga_dcop_41.mtx,5892,0.10026640355204734,0.2158639651982381,2.1529042386185235
/home/xiangjiawei/ydc/bicg_matrix/fpga_dcop_42.mtx,5892,0.101039025602784,0.23622820909243747,2.337989778534924
/home/xiangjiawei/ydc/bicg_matrix/fpga_dcop_43.mtx,5892,0.10101391650099402,0.23494301895546668,2.3258480325644504
/home/xiangjiawei/ydc/bicg_matrix/fpga_dcop_44.mtx,5892,0.10036543209876543,0.23037066921285826,2.295318860244233
/home/xiangjiawei/ydc/bicg_matrix/fpga_dcop_45.mtx,5892,0.10113958696193083,0.24133498578648802,2.386157517899762
/home/xiangjiawei/ydc/bicg_matrix/fpga_dcop_46.mtx,5892,0.10134131139366742,0.25908036887703995,2.5565128900949796
/home/xiangjiawei/ydc/bicg_matrix/fpga_dcop_47.mtx,5892,0.1010892812733151,0.22073440934128705,2.183558994197292
/home/xiangjiawei/ydc/bicg_matrix/fpga_dcop_48.mtx,5892,0.10101391650099402,0.2630770209970996,2.6043641322877606
/home/xiangjiawei/ydc/bicg_matrix/fpga_dcop_49.mtx,5892,0.1016454113528382,0.21928833185547264,2.1573854533803267
/home/xiangjiawei/ydc/bicg_matrix/fpga_dcop_50.mtx,5892,0.10113958696193083,0.24119330966273594,2.3847567199727804
/home/xiangjiawei/ydc/bicg_matrix/fpga_dcop_51.mtx,5892,0.10151848151848153,0.24201867638324198,2.3839863713798977
/home/xiangjiawei/ydc/bicg_matrix/fs_760_1.mtx,5976,0.08580228514654746,0.26612535735699294,3.1016115351993214
/home/xiangjiawei/ydc/bicg_matrix/fs_760_2.mtx,5976,0.08571712158808933,0.28813373402522224,3.361449016100179
/home/xiangjiawei/ydc/bicg_matrix/fs_760_3.mtx,5976,0.08599452327607668,0.26332366966618614,3.062098138747886
/home/xiangjiawei/ydc/bicg_matrix/jpwh_991.mtx,6027,0.09401485148514853,0.16920574135839483,1.7997767234161317
/home/xiangjiawei/ydc/bicg_matrix/cz628.mtx,6346,0.08409448818897637,0.30380037452338515,3.6126074498567338
/home/xiangjiawei/ydc/bicg_matrix/cavity01.mtx,7327,0.08025208085612366,0.2992396628491955,3.728746465598492
/home/xiangjiawei/ydc/bicg_matrix/cavity02.mtx,7327,0.07970240906943787,0.2706011467632695,3.395143884892086
/home/xiangjiawei/ydc/bicg_matrix/cavity03.mtx,7327,0.08011870845204179,0.29789194499759164,3.71813214108296
/home/xiangjiawei/ydc/bicg_matrix/cavity04.mtx,7327,0.07983439791814526,0.2896630813077706,3.6282991900905186
/home/xiangjiawei/ydc/bicg_matrix/west2021.mtx,7353,0.14333333333333334,0.4150911408540472,2.8959847036328874
/home/xiangjiawei/ydc/bicg_matrix/lung1.mtx,7419,0.13060133630289533,0.4220835543954719,3.231847133757962
/home/xiangjiawei/ydc/bicg_matrix/bfwa782.mtx,7514,0.10131949592290586,0.36524333331146647,3.604867256637169
/home/xiangjiawei/ydc/bicg_matrix/mahindas.mtx,7682,0.10887387387387386,0.3074932664255704,2.8243072050673
/home/xiangjiawei/ydc/bicg_matrix/epb0.mtx,7764,0.13952309985096872,0.47105948777877726,3.376211453744494
/home/xiangjiawei/ydc/bicg_matrix/poli.mtx,8188,0.20508654511885532,0.3712113421087965,1.8100228949376749
/home/xiangjiawei/ydc/bicg_matrix/mhda416.mtx,8562,0.09188718183902775,0.4945942639964509,5.382625237793278
/home/xiangjiawei/ydc/bicg_matrix/nnc1374.mtx,8606,0.12970751752477644,0.3527288898901931,2.7194174757281564
/home/xiangjiawei/ydc/bicg_matrix/tols4000.mtx,8784,0.2065171085429413,0.7468479375263348,3.616397415185784
/home/xiangjiawei/ydc/bicg_matrix/pores_2.mtx,9613,0.13644575355915564,0.41727922659164246,3.0582060321190747
/home/xiangjiawei/ydc/bicg_matrix/dw1024.mtx,10114,0.17140590131415817,0.6402710710567776,3.7354085603112845
/home/xiangjiawei/ydc/bicg_matrix/dw2048.mtx,10114,0.17060217176702866,0.6925822110725705,4.059633027522936
/home/xiangjiawei/ydc/bicg_matrix/rotor2.mtx,10685,0.12837309160305344,0.5360259410021114,4.175531914893617
/home/xiangjiawei/ydc/bicg_matrix/adder_dcop_05.mtx,11097,0.1656851104250772,0.2800881615271973,1.69048480463097
/home/xiangjiawei/ydc/bicg_matrix/adder_dcop_04.mtx,11107,0.16629347308242018,0.3204745232392619,1.927162367223065
/home/xiangjiawei/ydc/bicg_matrix/adder_dcop_03.mtx,11148,0.16491633278340795,0.30491930066815,1.8489333077070922
/home/xiangjiawei/ydc/bicg_matrix/adder_dcop_01.mtx,11156,0.165694674556213,0.3136953434130758,1.893213190184049
/home/xiangjiawei/ydc/bicg_matrix/init_adder1.mtx,11156,0.16472,0.30360589812332434,1.8431635388739944
/home/xiangjiawei/ydc/bicg_matrix/adder_dcop_06.mtx,11224,0.16701045627376426,0.30574686418349206,1.8307049211476345
/home/xiangjiawei/ydc/bicg_matrix/adder_dcop_07.mtx,11226,0.16623935666982026,0.2960191513712736,1.78068032324751
/home/xiangjiawei/ydc/bicg_matrix/adder_dcop_10.mtx,11232,0.16676944971537,0.30301212008698886,1.8169522091974757
/home/xiangjiawei/ydc/bicg_matrix/adder_dcop_09.mtx,11239,0.16640170333569906,0.2865823863391592,1.722232288458054
/home/xiangjiawei/ydc/bicg_matrix/adder_dcop_08.mtx,11242,0.16658773383850345,0.2975953603959648,1.7864182046228274
/home/xiangjiawei/ydc/bicg_matrix/adder_dcop_11.mtx,11243,0.1674696500833135,0.2870822934892334,1.7142347484837672
/home/xiangjiawei/ydc/bicg_matrix/adder_dcop_13.mtx,11245,0.167608384945212,0.3063297186972151,1.8276515151515151
/home/xiangjiawei/ydc/bicg_matrix/adder_dcop_19.mtx,11245,0.16673459715639813,0.3402020221537069,2.040380508639099
/home/xiangjiawei/ydc/bicg_matrix/adder_dcop_44.mtx,11245,0.1660264275601699,0.33286701715665895,2.004903809883063
/home/xiangjiawei/ydc/bicg_matrix/adder_dcop_02.mtx,11246,0.16781779155735752,0.27763306825654954,1.654372076286434
/home/xiangjiawei/ydc/bicg_matrix/adder_dcop_12.mtx,11246,0.1679379474940334,0.2833068940434195,1.6869736606342949
/home/xiangjiawei/ydc/bicg_matrix/adder_dcop_14.mtx,11246,0.16623198677061185,0.2823451185509411,1.6985005355230276
/home/xiangjiawei/ydc/bicg_matrix/adder_dcop_15.mtx,11246,0.16749821471078313,0.29591949687203384,1.76670239371204
/home/xiangjiawei/ydc/bicg_matrix/adder_dcop_16.mtx,11246,0.16634988179669027,0.31872397044490364,1.9159855540771715
/home/xiangjiawei/ydc/bicg_matrix/adder_dcop_17.mtx,11246,0.168018147086915,0.31932994432143785,1.9005681818181817
/home/xiangjiawei/ydc/bicg_matrix/adder_dcop_18.mtx,11246,0.1669814902705268,0.321655074343302,1.9262917933130697
/home/xiangjiawei/ydc/bicg_matrix/adder_dcop_20.mtx,11246,0.16737868696479544,0.3156619694372139,1.885914958238421
/home/xiangjiawei/ydc/bicg_matrix/adder_dcop_21.mtx,11246,0.1668231389284021,0.34363663693711727,2.0598859315589357
/home/xiangjiawei/ydc/bicg_matrix/adder_dcop_22.mtx,11246,0.16545027039736657,0.30344043528732634,1.8340280409245928
/home/xiangjiawei/ydc/bicg_matrix/adder_dcop_23.mtx,11246,0.1668231389284021,0.296068369429246,1.7747440273037545
/home/xiangjiawei/ydc/bicg_matrix/adder_dcop_24.mtx,11246,0.16733888228299643,0.3036749648112084,1.814730447987851
/home/xiangjiawei/ydc/bicg_matrix/adder_dcop_25.mtx,11246,0.1670211250890102,0.3017421921725849,1.8066109422492402
/home/xiangjiawei/ydc/bicg_matrix/adder_dcop_26.mtx,11246,0.16631056487827933,0.27881739050295357,1.6764863417246918
/home/xiangjiawei/ydc/bicg_matrix/adder_dcop_27.mtx,11246,0.16658617424242425,0.2805661881977671,1.6842105263157892
/home/xiangjiawei/ydc/bicg_matrix/adder_dcop_28.mtx,11246,0.1671401425178147,0.3041633258070925,1.8198101379186815
/home/xiangjiawei/ydc/bicg_matrix/adder_dcop_29.mtx,11246,0.1679379474940334,0.27246099640872584,1.6223908918406071
/home/xiangjiawei/ydc/bicg_matrix/adder_dcop_30.mtx,11246,0.16741851058767546,0.3160871614954599,1.8880060537268257
/home/xiangjiawei/ydc/bicg_matrix/adder_dcop_31.mtx,11246,0.16789787640181342,0.2762326247174988,1.6452419210855205
/home/xiangjiawei/ydc/bicg_matrix/adder_dcop_32.mtx,11246,0.16580113100848257,0.28344351978406185,1.709539121114684
/home/xiangjiawei/ydc/bicg_matrix/adder_dcop_33.mtx,11246,0.16591841546805,0.2827682268628421,1.7042606516290724
/home/xiangjiawei/ydc/bicg_matrix/adder_dcop_34.mtx,11246,0.1670211250890102,0.30065699405574237,1.800113571834185
/home/xiangjiawei/ydc/bicg_matrix/adder_dcop_35.mtx,11246,0.16623198677061185,0.31540323943221565,1.897367922741905
/home/xiangjiawei/ydc/bicg_matrix/adder_dcop_36.mtx,11246,0.16765785084584228,0.30123527064803024,1.7967263037685572
/home/xiangjiawei/ydc/bicg_matrix/adder_dcop_37.mtx,11246,0.16646794416844096,0.3555625991947283,2.1359223300970878
/home/xiangjiawei/ydc/bicg_matrix/adder_dcop_38.mtx,11246,0.16721958174904944,0.3415204332911179,2.042347132548424
/home/xiangjiawei/ydc/bicg_matrix/adder_dcop_39.mtx,11246,0.1669814902705268,0.2953435647818038,1.7687203791469195
/home/xiangjiawei/ydc/bicg_matrix/adder_dcop_40.mtx,11246,0.16525598872710195,0.3005792898408826,1.8188707843880256
/home/xiangjiawei/ydc/bicg_matrix/adder_dcop_41.mtx,11246,0.16650733554188357,0.2845604705960826,1.7089966016812734
/home/xiangjiawei/ydc/bicg_matrix/adder_dcop_42.mtx,11246,0.1676179132920438,0.3044995121877106,1.8166287015945333
/home/xiangjiawei/ydc/bicg_matrix/adder_dcop_43.mtx,11246,0.16662562159602182,0.29689081343200086,1.781783681214421
/home/xiangjiawei/ydc/bicg_matrix/adder_dcop_45.mtx,11246,0.16753809523809524,0.28422443808501757,1.696476480057235
/home/xiangjiawei/ydc/bicg_matrix/adder_dcop_46.mtx,11246,0.16654674556213017,0.2940355118968877,1.7654833836858006
/home/xiangjiawei/ydc/bicg_matrix/adder_dcop_47.mtx,11246,0.16733888228299643,0.3158235733527721,1.8873292867981788
/home/xiangjiawei/ydc/bicg_matrix/adder_dcop_48.mtx,11246,0.1669814902705268,0.3045105779472964,1.8236187583064365
/home/xiangjiawei/ydc/bicg_matrix/adder_dcop_49.mtx,11246,0.1647529852493561,0.2763560446421603,1.6773962804005722
/home/xiangjiawei/ydc/bicg_matrix/adder_dcop_50.mtx,11246,0.16611425873465532,0.29962253564871516,1.8037135278514589
/home/xiangjiawei/ydc/bicg_matrix/adder_dcop_51.mtx,11246,0.16572303344324066,0.2994367654697565,1.806850618458611
/home/xiangjiawei/ydc/bicg_matrix/adder_dcop_52.mtx,11246,0.16765785084584228,0.2840620093208076,1.6942959001782532
/home/xiangjiawei/ydc/bicg_matrix/adder_dcop_53.mtx,11246,0.16568401224393692,0.31073651037740646,1.8754767353165525
/home/xiangjiawei/ydc/bicg_matrix/adder_dcop_54.mtx,11246,0.16733888228299643,0.30074146456459827,1.7972001513431708
/home/xiangjiawei/ydc/bicg_matrix/adder_dcop_55.mtx,11246,0.1670211250890102,0.3396075129602366,2.0333207118515717
/home/xiangjiawei/ydc/bicg_matrix/adder_dcop_56.mtx,11246,0.16646794416844096,0.31678130391416737,1.9029567854435174
/home/xiangjiawei/ydc/bicg_matrix/adder_dcop_57.mtx,11246,0.16631056487827933,0.2845725497425299,1.7110912343470481
/home/xiangjiawei/ydc/bicg_matrix/adder_dcop_58.mtx,11246,0.1663892173090565,0.2886921479108227,1.7350412038695808
/home/xiangjiawei/ydc/bicg_matrix/adder_dcop_59.mtx,11246,0.16611425873465532,0.28236447026849565,1.699820788530466
/home/xiangjiawei/ydc/bicg_matrix/adder_dcop_60.mtx,11246,0.16785782442748093,0.28625753987186475,1.7053571428571428
/home/xiangjiawei/ydc/bicg_matrix/adder_dcop_61.mtx,11246,0.16650733554188357,0.28588266427144743,1.716937354988399
/home/xiangjiawei/ydc/bicg_matrix/adder_dcop_62.mtx,11246,0.16568401224393692,0.2992828841464501,1.8063473964272143
/home/xiangjiawei/ydc/bicg_matrix/adder_dcop_63.mtx,11246,0.1671401425178147,0.3060535816502679,1.8311195445920303
/home/xiangjiawei/ydc/bicg_matrix/adder_dcop_64.mtx,11246,0.16737868696479544,0.32405606155866773,1.9360652627584902
/home/xiangjiawei/ydc/bicg_matrix/adder_dcop_65.mtx,11246,0.16737868696479544,0.3274248352061189,1.9561919211075294
/home/xiangjiawei/ydc/bicg_matrix/adder_dcop_66.mtx,11246,0.16706077872744543,0.31341623173824645,1.8760611205432935
/home/xiangjiawei/ydc/bicg_matrix/adder_dcop_67.mtx,11246,0.16690227703984817,0.30471324291346547,1.825698536399924
/home/xiangjiawei/ydc/bicg_matrix/adder_dcop_68.mtx,11246,0.16706077872744543,0.28613855264009974,1.7127811495894325
/home/xiangjiawei/ydc/bicg_matrix/adder_dcop_69.mtx,11246,0.16642857142857143,0.30190837625372735,1.8140417457305504
/home/xiangjiawei/ydc/bicg_matrix/watt_1.mtx,11360,0.17609467455621303,0.7574750178005843,4.301521438450899
/home/xiangjiawei/ydc/bicg_matrix/extr1b.mtx,11404,0.20728862973760936,0.7941380080273749,3.831073653352877
/home/xiangjiawei/ydc/bicg_matrix/extr1.mtx,11407,0.2089253365973072,0.7059143948666592,3.3787878787878785
/home/xiangjiawei/ydc/bicg_matrix/watt_2.mtx,11550,0.17040604343720492,0.7426402870364196,4.35806308307419
/home/xiangjiawei/ydc/bicg_matrix/DK01R.mtx,11766,0.1431798561151079,0.7964890853031859,5.562857142857142
/home/xiangjiawei/ydc/bicg_matrix/cryg2500.mtx,12349,0.20649865426963546,0.8488482230846675,4.1106719367588935
/home/xiangjiawei/ydc/bicg_matrix/cz1268.mtx,12786,0.16318332543818093,0.7283452791383767,4.463356027232679
/home/xiangjiawei/ydc/bicg_matrix/Pd.mtx,13036,0.39730288461538454,0.9248953791653691,2.327935222672065
/home/xiangjiawei/ydc/bicg_matrix/radfr1.mtx,13299,0.15950176263219742,0.5806746197209031,3.640552995391705
/home/xiangjiawei/ydc/bicg_matrix/CAG_mat364.mtx,13585,0.12926489778164418,0.5934762193733182,4.591163026917217
/home/xiangjiawei/ydc/bicg_matrix/Sieber.mtx,14873,0.22510941726088027,1.0969497729898599,4.872962607861936
/home/xiangjiawei/ydc/bicg_matrix/LeGresley_2508.mtx,16727,0.2416390336333491,0.6312977894400064,2.612565445026178
/home/xiangjiawei/ydc/bicg_matrix/rbsa480.mtx,17088,0.15504337050805453,0.6534517054718583,4.214638157894737
/home/xiangjiawei/ydc/bicg_matrix/rbsb480.mtx,17088,0.15446913580246913,0.6473981506635677,4.1911165444172775
/home/xiangjiawei/ydc/bicg_matrix/Chebyshev2.mtx,18447,0.15044754218635362,0.6444953304597701,4.283854166666667
/home/xiangjiawei/ydc/bicg_matrix/lhr01.mtx,18592,0.21601363636363635,0.7469595318624354,3.4579276773296246
/home/xiangjiawei/ydc/bicg_matrix/coater1.mtx,19457,0.22057481751824817,0.7748354847308943,3.5128012048192767
/home/xiangjiawei/ydc/bicg_matrix/g7jac010.mtx,19635,0.2968531468531469,0.7042472675225538,2.372375954198473
/home/xiangjiawei/ydc/bicg_matrix/g7jac010sc.mtx,19635,0.27927631578947365,0.6624201038649754,2.371916508538899
/home/xiangjiawei/ydc/bicg_matrix/shyy41.mtx,20042,0.3525747348119576,1.0696326393873024,3.0337756332931245
/home/xiangjiawei/ydc/bicg_matrix/rw5151.mtx,20199,0.37349780166096724,0.8668682085847447,2.3209459459459456
/home/xiangjiawei/ydc/bicg_matrix/sherman5.mtx,20793,0.30975609756097555,0.8363241392481038,2.699944071588367
/home/xiangjiawei/ydc/bicg_matrix/circuit_2.mtx,21199,0.3353797324869644,0.6545423534379716,1.951645523074095
/home/xiangjiawei/ydc/bicg_matrix/bayer09.mtx,21216,0.2998266978922717,0.7972795907027892,2.6591347478644254
/home/xiangjiawei/ydc/bicg_matrix/utm1700b.mtx,21509,0.2569864295741694,0.9156700937254385,3.563106796116505
/home/xiangjiawei/ydc/bicg_matrix/Hamrle2.mtx,22162,0.42068493150684927,1.235515421177405,2.93691389599318
/home/xiangjiawei/ydc/bicg_matrix/sherman2.mtx,23094,0.24683352468427092,1.0393583178995531,4.210766423357664
/home/xiangjiawei/ydc/bicg_matrix/barth4.mtx,23492,0.4330272108843538,0.9997219852571255,2.3086816720257235
/home/xiangjiawei/ydc/bicg_matrix/hydr1.mtx,23752,0.4042014800668417,0.9152154657382119,2.2642556023962728
/home/xiangjiawei/ydc/bicg_matrix/hydr1c.mtx,23752,0.4027592768791627,0.9174704679296098,2.27796234772979
/home/xiangjiawei/ydc/bicg_matrix/mcfe.mtx,24382,0.23367443868739207,1.0530270014522705,4.506385068762279
/home/xiangjiawei/ydc/bicg_matrix/shermanACa.mtx,25220,0.17447047797563262,0.20754494281886604,1.1895705521472393
/home/xiangjiawei/ydc/bicg_matrix/lns_3937.mtx,25407,0.3560790549750113,1.0088572775234084,2.833239595050619
/home/xiangjiawei/ydc/bicg_matrix/lnsp3937.mtx,25407,0.37870500120802125,1.081130815503303,2.854809976247031
/home/xiangjiawei/ydc/bicg_matrix/cz2548.mtx,25674,0.3173577981651376,0.9381386983483968,2.9560915275200985
/home/xiangjiawei/ydc/bicg_matrix/barth.mtx,26439,0.47157720501300543,0.48527348838343837,1.029043565348022
/home/xiangjiawei/ydc/bicg_matrix/bayer06.mtx,27576,0.3511080396222068,0.9961367702660707,2.837123215230037
/home/xiangjiawei/ydc/bicg_matrix/bayer08.mtx,27576,0.35086556169429095,0.9272414015309531,2.6427255985267037
/home/xiangjiawei/ydc/bicg_matrix/bayer05.mtx,27836,0.35744254835039824,0.9287222365360653,2.5982419855222334
/home/xiangjiawei/ydc/bicg_matrix/bayer07.mtx,27836,0.36072560275545346,0.9773745579197695,2.7094682230869
/home/xiangjiawei/ydc/bicg_matrix/fd12.mtx,28462,0.5235598086124402,0.7666465540971406,1.4642960393177218
/home/xiangjiawei/ydc/bicg_matrix/LeGresley_4908.mtx,30482,0.453041825095057,0.5693186319322869,1.2566579957884303
/home/xiangjiawei/ydc/bicg_matrix/cavity05.mtx,32747,0.3299105545617173,1.2666435203964477,3.8393543428132215
/home/xiangjiawei/ydc/bicg_matrix/cavity06.mtx,32747,0.326696191319752,1.2281997510281144,3.759455370650529
/home/xiangjiawei/ydc/bicg_matrix/cavity07.mtx,32747,0.32866117175317444,1.1928759137382927,3.6295005807200926
/home/xiangjiawei/ydc/bicg_matrix/cavity08.mtx,32747,0.32684093929995567,2.02158741600685,6.1852331606217605
/home/xiangjiawei/ydc/bicg_matrix/cavity09.mtx,32747,0.32902765388046384,1.2524066585829234,3.806387225548903
/home/xiangjiawei/ydc/bicg_matrix/poli_large.mtx,33074,0.5758481262327417,0.7345733062554002,1.2756372258446949
/home/xiangjiawei/ydc/bicg_matrix/gemat12.mtx,33111,0.47601606805293006,0.7694629707526467,1.616464280082006
/home/xiangjiawei/ydc/bicg_matrix/gemat11.mtx,33185,0.47649031648559276,0.6588024909657065,1.3826146475017111
/home/xiangjiawei/ydc/bicg_matrix/bips98_606.mtx,34738,0.5627756833176248,0.7393311847097173,1.3137226902755963
/home/xiangjiawei/ydc/bicg_matrix/circuit_1.mtx,35823,0.23965388711395105,0.5441867293637149,2.270719394194362
/home/xiangjiawei/ydc/bicg_matrix/Chebyshev3.mtx,36879,0.21429467740248873,0.7722905723217017,3.6038719285182426
/home/xiangjiawei/ydc/bicg_matrix/lhr02.mtx,37206,0.42765909601978863,1.1186922377452873,2.6158504476040023
/home/xiangjiawei/ydc/bicg_matrix/poli3.mtx,37849,0.7102046035805627,1.1161974122121485,1.5716561207639814
/home/xiangjiawei/ydc/bicg_matrix/jan99jac020.mtx,38692,0.5561586452762922,0.6650688179427378,1.1958257299270072
/home/xiangjiawei/ydc/bicg_matrix/jan99jac020sc.mtx,38692,0.5583982102908278,0.6319456757765667,1.1317114993033974
/home/xiangjiawei/ydc/bicg_matrix/bips98_1142.mtx,40983,0.6981906976744187,1.0618172209979617,1.520812615428328
/home/xiangjiawei/ydc/bicg_matrix/mbeause.mtx,41063,0.28005234745624075,1.138938602397726,4.066877541798464
/home/xiangjiawei/ydc/bicg_matrix/dw4096.mtx,41746,0.6677856804172594,1.3070998783361083,1.9573643410852712
/home/xiangjiawei/ydc/bicg_matrix/dw8192.mtx,41746,0.6669950272318258,1.3101688034910863,1.9642857142857144
/home/xiangjiawei/ydc/bicg_matrix/utm3060.mtx,42211,0.4826356589147287,1.4171251597496248,2.936221419975933
/home/xiangjiawei/ydc/bicg_matrix/rajat01.mtx,43250,0.387009507346586,0.6129448904304278,1.5837980173482031
/home/xiangjiawei/ydc/bicg_matrix/fd15.mtx,44206,0.7896171802054156,0.9643046822611934,1.221230624706435
/home/xiangjiawei/ydc/bicg_matrix/bips98_1450.mtx,44678,0.7686633211678832,1.1108388786982955,1.4451566090216472
/home/xiangjiawei/ydc/bicg_matrix/nopss_11k.mtx,44941,0.7815934441156385,1.0122932668538727,1.295166015625
/home/xiangjiawei/ydc/bicg_matrix/TS.mtx,45262,0.48050091074681234,1.745015764402471,3.6316596397087006
/home/xiangjiawei/ydc/bicg_matrix/g7jac020.mtx,45465,0.6008200455580865,0.7855449417590279,1.3074546156817304
/home/xiangjiawei/ydc/bicg_matrix/g7jac020sc.mtx,45465,0.6034317089910773,0.7846396370285061,1.3002956678236277
/home/xiangjiawei/ydc/bicg_matrix/mhd1280a.mtx,47906,0.43437810945273636,1.9526231283772524,4.4952153110047846
/home/xiangjiawei/ydc/bicg_matrix/circuit_3.mtx,48137,0.8143987412901776,1.0101999707812752,1.2404242781378905
/home/xiangjiawei/ydc/bicg_matrix/xingo_afonso_itaipu.mtx,48735,0.866014113362167,1.1922161337449841,1.376670559231867
/home/xiangjiawei/ydc/bicg_matrix/mimo46x46_system.mtx,48735,0.8703729123770302,1.14787527660911,1.3188315724052206
/home/xiangjiawei/ydc/bicg_matrix/ww_vref_6405.mtx,48737,0.8714200641319285,1.0838258062141124,1.24374667376264
/home/xiangjiawei/ydc/bicg_matrix/mimo28x28_system.mtx,48737,0.8676442417331814,0.9547471023793579,1.1003900636419626
/home/xiangjiawei/ydc/bicg_matrix/zeros_nopss_13k.mtx,48827,0.8736875858909757,0.9053423098850566,1.0362311706212464
/home/xiangjiawei/ydc/bicg_matrix/mimo8x8_system.mtx,48872,0.8761220743460304,1.0289525154335597,1.1744396649309488
/home/xiangjiawei/ydc/bicg_matrix/bips07_1693.mtx,49044,0.8780188462422431,1.1002259496055518,1.2530778289262394
/home/xiangjiawei/ydc/bicg_matrix/cryg10000.mtx,49699,0.793061797752809,1.0393756621139418,1.3105859657583794
/home/xiangjiawei/ydc/bicg_matrix/mbeacxc.mtx,49920,0.32642022116903635,1.257327464817065,3.851867572156197
/home/xiangjiawei/ydc/bicg_matrix/mbeaflw.mtx,49920,0.3262655929259435,1.360308622263119,4.169329073482428
/home/xiangjiawei/ydc/bicg_matrix/cz5108.mtx,51412,0.6351054078826764,1.2731319598414712,2.0045994633959374
/home/xiangjiawei/ydc/bicg_matrix/shermanACd.mtx,53329,0.28159232072275553,0.33607039934707267,1.1934643618280842
/home/xiangjiawei/ydc/bicg_matrix/TSOPF_RS_b9_c6.mtx,54082,0.7503285275348617,1.7262262495033667,2.3006272401433687
/home/xiangjiawei/ydc/bicg_matrix/mark3jac020.mtx,56175,0.7901950235373235,0.8431645748900004,1.067033516758379
/home/xiangjiawei/ydc/bicg_matrix/mark3jac020sc.mtx,56175,0.7905494505494507,0.8781522540228475,1.1108125537403268
/home/xiangjiawei/ydc/bicg_matrix/bayer03.mtx,56196,0.7185280216070223,1.1888646337851008,1.6545835347188658
/home/xiangjiawei/ydc/bicg_matrix/rdist2.mtx,56934,0.6158372881355932,1.799572434791434,2.9221556886227544
/home/xiangjiawei/ydc/bicg_matrix/fxm3_6.mtx,94026,0.9535839384878256,1.2447304693818255,1.3053181992092846
/home/xiangjiawei/ydc/bicg_matrix/meg1.mtx,58142,0.5778849407783418,1.5177054450374947,2.6263107721639662
/home/xiangjiawei/ydc/bicg_matrix/viscoplastic1.mtx,61166,0.7108244061481136,1.513319613089113,2.128964059196617
/home/xiangjiawei/ydc/bicg_matrix/barth5.mtx,61484,1.0976601276294018,1.8326172005697923,1.6695670676566023
/home/xiangjiawei/ydc/bicg_matrix/rdist3a.mtx,61896,0.6093541395752058,1.9868889661787805,3.2606473594548557
/home/xiangjiawei/ydc/bicg_matrix/bips07_1998.mtx,62198,1.0467122040072858,1.0701195254216778,1.0223627099452726
/home/xiangjiawei/ydc/bicg_matrix/fd18.mtx,63406,1.1323249824397095,1.2087212742449822,1.0674685209547077
/home/xiangjiawei/ydc/bicg_matrix/bayer02.mtx,63679,1.0165107344632769,1.0920934749620639,1.0743550834597877
/home/xiangjiawei/ydc/bicg_matrix/bips07_2476.mtx,66498,1.136364870982345,1.2985323656870662,1.1427072402938092
/home/xiangjiawei/ydc/bicg_matrix/powersim.mtx,67562,1.128912345112437,1.140782364187314,1.0105145622034055
/home/xiangjiawei/ydc/bicg_matrix/mhd3200a.mtx,68026,0.6920812404455121,2.6575919633107667,3.8400000000000003
/home/xiangjiawei/ydc/bicg_matrix/poli4.mtx,73249,1.3459585674157306,2.1857176077120597,1.623911508590257
/home/xiangjiawei/ydc/bicg_matrix/descriptor_xingo6u.mtx,73916,1.3083188211654388,1.4488928074475826,1.1074462768615694
/home/xiangjiawei/ydc/bicg_matrix/xingo3012.mtx,74386,1.3216107382550337,1.4859060402684567,1.1243144424131628
/home/xiangjiawei/ydc/bicg_matrix/bips07_3078.mtx,75729,1.3349119286510591,1.616308013969304,1.2107974910394264
/home/xiangjiawei/ydc/bicg_matrix/cavity10.mtx,76367,0.7316481164383561,1.916036280505544,2.6187947969206267
/home/xiangjiawei/ydc/bicg_matrix/cavity11.mtx,76367,0.7319614561027837,1.8282092850344989,2.4976851851851847
/home/xiangjiawei/ydc/bicg_matrix/cavity12.mtx,76367,0.7349516233068158,2.0643494125235557,2.808823529411764
/home/xiangjiawei/ydc/bicg_matrix/cavity13.mtx,76367,0.7336896329684481,1.8612376918824038,2.5368188512518413
/home/xiangjiawei/ydc/bicg_matrix/cavity14.mtx,76367,0.7347936371453138,1.780045053399534,2.422510162601626
/home/xiangjiawei/ydc/bicg_matrix/cavity15.mtx,76367,0.7299295323510571,1.6390633211475834,2.245508982035928
/home/xiangjiawei/ydc/bicg_matrix/lhr04.mtx,82682,0.8200760616944855,1.33740990242752,1.630836412495801
/home/xiangjiawei/ydc/bicg_matrix/lhr04c.mtx,82682,0.8246059060973019,1.5417019753308259,1.869622766379881
/home/xiangjiawei/ydc/bicg_matrix/jan99jac040.mtx,82842,1.091122236128494,1.7845457132942661,1.6355140186915886
/home/xiangjiawei/ydc/bicg_matrix/jan99jac040sc.mtx,82842,1.0897583333333334,1.802295884150289,1.6538491416142316
/home/xiangjiawei/ydc/bicg_matrix/utm5940.mtx,83842,0.9477536231884057,1.4705017081698561,1.5515653775322282
/home/xiangjiawei/ydc/bicg_matrix/orani678.mtx,90158,0.744152574220218,2.0229092642607296,2.718406593406593
/home/xiangjiawei/ydc/bicg_matrix/rdist1.mtx,94408,0.9414353653264158,2.0212711124325455,2.1470099667774085
/home/xiangjiawei/ydc/bicg_matrix/bayer10.mtx,94926,1.2528861429832303,1.4628459052183023,1.1675808798835778
/home/xiangjiawei/ydc/bicg_matrix/epb1.mtx,95053,1.354163010851997,1.548551151839299,1.1435485531871077
/home/xiangjiawei/ydc/bicg_matrix/comsol.mtx,97645,0.7288471754914113,1.3694457954253185,1.878920357346512
/home/xiangjiawei/ydc/bicg_matrix/rajat27.mtx,99777,0.9030948943430896,1.5868647642827745,1.757140666194396
/home/xiangjiawei/ydc/bicg_matrix/mhd4800a.mtx,102252,1.0162355953905249,2.3045397706894555,2.267721954576737
/home/xiangjiawei/ydc/bicg_matrix/cz10228.mtx,102876,1.2442709735307314,1.5473224679829,1.243557473330936
/home/xiangjiawei/ydc/bicg_matrix/mark3jac040.mtx,113435,1.5713659508523357,2.5137299008397282,1.5997100481121145
/home/xiangjiawei/ydc/bicg_matrix/mark3jac040sc.mtx,113435,1.5808151447661467,2.358007390873366,1.49164018239602
/home/xiangjiawei/ydc/bicg_matrix/g7jac040.mtx,114671,1.213982094200078,1.8257237928399095,1.5039132797448076
/home/xiangjiawei/ydc/bicg_matrix/g7jac040sc.mtx,114671,1.2137458649542712,1.904854425781066,1.5694013720514983
/home/xiangjiawei/ydc/bicg_matrix/conf5_0-4x4-10.mtx,119808,1.0349583828775266,2.2234111387881437,2.148309705561614
/home/xiangjiawei/ydc/bicg_matrix/conf5_0-4x4-14.mtx,119808,1.0438536877873277,2.115245684330158,2.0263813876194434
/home/xiangjiawei/ydc/bicg_matrix/conf5_0-4x4-18.mtx,119808,1.0384569496917877,2.118703347108871,2.04024186822352
/home/xiangjiawei/ydc/bicg_matrix/conf5_0-4x4-22.mtx,119808,1.043645083932854,2.4887798613568166,2.3846994535519124
/home/xiangjiawei/ydc/bicg_matrix/conf5_0-4x4-26.mtx,119808,1.0399044205495818,2.1639378893004224,2.080900750625521
/home/xiangjiawei/ydc/bicg_matrix/conf6_0-4x4-20.mtx,119808,1.0423952095808386,2.146809356116143,2.059496567505721
/home/xiangjiawei/ydc/bicg_matrix/conf6_0-4x4-30.mtx,119808,1.0434365634365637,2.2027091789329556,2.1110139860139863
/home/xiangjiawei/ydc/bicg_matrix/jan99jac060.mtx,127182,1.7154130808950085,2.6015137749786277,1.5165523709433884
/home/xiangjiawei/ydc/bicg_matrix/raefsky6.mtx,137845,1.1833425523508492,2.942206544554717,2.486352357320099
/home/xiangjiawei/ydc/bicg_matrix/cavity16.mtx,138187,1.2732108197398306,2.9286598769393515,2.300215982721382
/home/xiangjiawei/ydc/bicg_matrix/cavity17.mtx,138187,1.2666721446179128,2.7642364028098627,2.182282459241799
/home/xiangjiawei/ydc/bicg_matrix/cavity18.mtx,138187,1.273736831233216,2.958853260809459,2.322970639032816
/home/xiangjiawei/ydc/bicg_matrix/cavity19.mtx,138187,1.2753174767321611,2.6669333347621778,2.09119170984456
/home/xiangjiawei/ydc/bicg_matrix/cavity20.mtx,138187,1.2734737711689386,2.6566622057001235,2.0861538461538456
/home/xiangjiawei/ydc/bicg_matrix/cavity21.mtx,138187,1.2732108197398306,2.657135623804864,2.0869565217391304
/home/xiangjiawei/ydc/bicg_matrix/cavity22.mtx,138187,1.2798173515981737,2.79054026096851,2.18042071197411
/home/xiangjiawei/ydc/bicg_matrix/cavity23.mtx,138187,1.2684961941987245,2.64083819082408,2.0818652849740933
/home/xiangjiawei/ydc/bicg_matrix/cavity24.mtx,138187,1.2766376811594202,2.755907523917575,2.1587233124865213
/home/xiangjiawei/ydc/bicg_matrix/cavity25.mtx,138187,1.254049217002237,2.6198402600387865,2.089104817035353
/home/xiangjiawei/ydc/bicg_matrix/cavity26.mtx,138187,1.2747901591895805,2.804483414205045,2.1999569058392585
/home/xiangjiawei/ydc/bicg_matrix/juba40k.mtx,144945,2.403902541482882,2.7050122632271605,1.1252587060199766
/home/xiangjiawei/ydc/bicg_matrix/bauru5727.mtx,145019,2.3818635607321132,2.5663426872347883,1.0774515927545285
/home/xiangjiawei/ydc/bicg_matrix/lhr07.mtx,156508,1.498868778280543,2.7702121783919433,1.84820193637621
/home/xiangjiawei/ydc/bicg_matrix/lhr07c.mtx,156508,1.482706002034588,2.6592150132258854,1.7934877241859657
/home/xiangjiawei/ydc/bicg_matrix/g7jac050sc.mtx,157990,1.7166837256908907,2.786440248827695,1.6231529472362618
/home/xiangjiawei/ydc/bicg_matrix/bayer04.mtx,159082,1.9951587130209458,3.171828184356516,1.5897623400365628
/home/xiangjiawei/ydc/bicg_matrix/hvdc1.mtx,159981,2.063752611784371,3.600647873881638,1.7447090573363002
/home/xiangjiawei/ydc/bicg_matrix/raefsky5.mtx,168658,1.6003691275167786,2.618997481187552,1.6364958784548245
/home/xiangjiawei/ydc/bicg_matrix/epb2.mtx,175027,2.243928419258628,3.9686876933287416,1.768633820609998
/home/xiangjiawei/ydc/bicg_matrix/TSOPF_RS_b162_c1.mtx,205399,1.765764914353219,3.923291176263905,2.221864951768489
/home/xiangjiawei/ydc/bicg_matrix/coater2.mtx,207308,1.983502266172229,2.0418921401675747,1.029437765205092
/home/xiangjiawei/ydc/bicg_matrix/lhr10.mtx,232633,2.1512749003984064,2.54521778567396,1.183120662637117
/home/xiangjiawei/ydc/bicg_matrix/lhr10c.mtx,232633,2.1423130331283478,2.5900617873944847,1.2090024881248584
/home/xiangjiawei/ydc/bicg_matrix/lhr11.mtx,233741,2.08637147786084,2.200774796739407,1.0548336286670603
/home/xiangjiawei/ydc/bicg_matrix/lhr11c.mtx,233741,2.198909090909091,2.2857081339712915,1.0394736842105263
/home/xiangjiawei/ydc/bicg_matrix/TSOPF_RS_b39_c7.mtx,252446,2.6078116223806442,4.522262506096502,1.734121616487074
/home/xiangjiawei/ydc/bicg_matrix/lhr14.mtx,307858,2.865289289289289,4.953351492262515,1.7287439389727912
/home/xiangjiawei/ydc/bicg_matrix/lhr14c.mtx,307858,2.8768080402010052,4.57183634219578,1.5892045205339258
/home/xiangjiawei/ydc/bicg_matrix/goodwin.mtx,324784,2.6134924482565727,3.284227113342793,1.2566430469441985
/home/xiangjiawei/ydc/bicg_matrix/inlet.mtx,328323,3.023970528039296,4.807644101133589,1.589844893181153
/home/xiangjiawei/ydc/bicg_matrix/graham1.mtx,335504,2.833312753231719,2.896835033744839,1.0224197912640125
/home/xiangjiawei/ydc/bicg_matrix/onetone1.mtx,341088,3.8341538461538462,5.234994986152537,1.3653586152793311
/home/xiangjiawei/ydc/bicg_matrix/mark3jac120.mtx,342475,4.324516781237364,6.57707743168484,1.520881468241859
/home/xiangjiawei/ydc/bicg_matrix/mark3jac120sc.mtx,342475,4.318405007066424,6.849578368199664,1.5861361676339651
/home/xiangjiawei/ydc/bicg_matrix/viscoplastic2.mtx,381326,4.251274908935076,6.371862464105335,1.4988121447317684
/home/xiangjiawei/ydc/bicg_matrix/lhr17.mtx,381975,3.5093254203758657,5.6257689295336055,1.6030912655945877
/home/xiangjiawei/ydc/bicg_matrix/lhr17c.mtx,381975,3.5288720907101645,5.874472302064065,1.6646883624738753
/home/xiangjiawei/ydc/bicg_matrix/g7jac100.mtx,384636,3.6955231788079472,5.011072413630822,1.3559845713773138
/home/xiangjiawei/ydc/bicg_matrix/g7jac100sc.mtx,384636,3.7251268357810408,4.549591641301545,1.22132529759826
/home/xiangjiawei/ydc/bicg_matrix/ted_A.mtx,424587,3.3246048604860485,5.959719850988657,1.7926099795562955
/home/xiangjiawei/ydc/bicg_matrix/ted_A_unscaled.mtx,424587,3.308523826585453,3.8527336249279434,1.1644871933426997
/home/xiangjiawei/ydc/bicg_matrix/GT01R.mtx,430909,3.472764427625355,4.056521772594479,1.1680958663148635
/home/xiangjiawei/ydc/bicg_matrix/2D_27628_bjtcai.mtx,442898,4.492889258950874,7.494880693684906,1.6681650184796726
/home/xiangjiawei/ydc/bicg_matrix/g7jac120.mtx,475296,4.6319443908090365,5.344302311853474,1.1537924165190625
/home/xiangjiawei/ydc/bicg_matrix/g7jac120sc.mtx,475296,4.621236755923714,5.276031469245365,1.1416925268938676
/home/xiangjiawei/ydc/bicg_matrix/af23560.mtx,484256,4.7137949677687665,8.378026617475081,1.7773421785972894
/home/xiangjiawei/ydc/bicg_matrix/fxm4_6.mtx,497844,4.211844660194174,5.280993584238994,1.2538433893702834
/home/xiangjiawei/ydc/bicg_matrix/std1_Jac2_db.mtx,498771,4.221506874427131,7.124929367751313,1.6877692207283645
/home/xiangjiawei/ydc/bicg_matrix/ted_AB.mtx,522387,3.8042121366649675,6.0739068414047,1.5966267450924811
/home/xiangjiawei/ydc/bicg_matrix/ted_AB_unscaled.mtx,522387,3.8401132463967054,6.177791837940446,1.6087525136758025
/home/xiangjiawei/ydc/bicg_matrix/std1_Jac3_db.mtx,531826,4.4137248504622075,7.3585273375509646,1.667192130651365
/home/xiangjiawei/ydc/bicg_matrix/e40r0100.mtx,553562,4.689159984726994,6.836363609367756,1.4579079476141552
/home/xiangjiawei/ydc/bicg_matrix/g7jac140.mtx,565956,5.119100233939175,7.999744809759438,1.562724784469319
/home/xiangjiawei/ydc/bicg_matrix/g7jac140sc.mtx,565956,5.1524796232566565,5.655931184300576,1.0977105389745745
/home/xiangjiawei/ydc/bicg_matrix/LeGresley_87936.mtx,593276,6.818403329549754,10.442675587869573,1.5315426622847117
/home/xiangjiawei/ydc/bicg_matrix/3D_28984_Tetra.mtx,599170,5.743914736626358,9.893681547361012,1.722463163367217
/home/xiangjiawei/ydc/bicg_matrix/TSOPF_RS_b162_c3.mtx,610299,5.041624596697667,7.694671509908846,1.526228572224311
/home/xiangjiawei/ydc/bicg_matrix/Zd_Jac6_db.mtx,663643,5.452359303391384,8.583351258831728,1.5742453461371957
/home/xiangjiawei/ydc/bicg_matrix/Zd_Jac2_db.mtx,676439,5.439492988133765,8.30647646158552,1.527068143980711
/home/xiangjiawei/ydc/bicg_matrix/TSOPF_RS_b39_c19.mtx,684206,6.672507651499694,12.495314866119454,1.8726565061804077
/home/xiangjiawei/ydc/bicg_matrix/Zd_Jac3_db.mtx,713907,5.658086243763364,8.922022184500808,1.5768621756755872
/home/xiangjiawei/ydc/bicg_matrix/pf2177.mtx,725144,4.78758946870566,5.839825233648777,1.2197840420155308
/home/xiangjiawei/ydc/bicg_matrix/g7jac180.mtx,747276,6.649375333689268,7.340823549782863,1.103986943343437
/home/xiangjiawei/ydc/bicg_matrix/g7jac180sc.mtx,747276,6.960290611028316,7.3150979209329225,1.050975933295433
/home/xiangjiawei/ydc/bicg_matrix/lhr34.mtx,764014,6.773928980526918,7.061499074071953,1.0424524813253455
/home/xiangjiawei/ydc/bicg_matrix/lhr34c.mtx,764014,6.749446452349249,11.63466725983382,1.72379577228651
/home/xiangjiawei/ydc/bicg_matrix/TSOPF_RS_b162_c4.mtx,812749,6.639564401051445,11.414102328611106,1.7191040916484766
/home/xiangjiawei/ydc/bicg_matrix/fp.mtx,848553,5.504693299779805,6.955478807625225,1.2635542851957715
/home/xiangjiawei/ydc/bicg_matrix/kim1.mtx,933195,8.577204257883109,15.337699746281935,1.7881933652431572
/home/xiangjiawei/ydc/bicg_matrix/torso2.mtx,1033473,15.175092250922512,15.593134650973148,1.0275479313824418
/home/xiangjiawei/ydc/bicg_matrix/3D_51448_3D.mtx,1056610,16.649989902389766,28.766661275140944,1.727728451715882
/home/xiangjiawei/ydc/bicg_matrix/std1_Jac2.mtx,1248731,21.617089278434573,28.576771656450862,1.3219527980096442
/home/xiangjiawei/ydc/bicg_matrix/std1_Jac3.mtx,1455848,8.995217136150234,13.656341155276472,1.5181780437955164
/home/xiangjiawei/ydc/bicg_matrix/lhr71.mtx,1528092,12.19560749269634,34.35710039176045,2.8171700681852956
/home/xiangjiawei/ydc/bicg_matrix/lhr71c.mtx,1528092,12.239779234218693,32.9774289904478,2.694282989864143
/home/xiangjiawei/ydc/bicg_matrix/Zd_Jac2.mtx,1642833,10.174253654215269,32.37976156241836,3.1825195894347673
/home/xiangjiawei/ydc/bicg_matrix/Zd_Jac6.mtx,1711983,10.545272914521112,15.15983599102714,1.4375954149229893
/home/xiangjiawei/ydc/bicg_matrix/conf5_4-8x8-20.mtx,1916928,15.047433819556996,42.25264084061914,2.807963227969397
/home/xiangjiawei/ydc/bicg_matrix/conf6_0-8x8-20.mtx,1916928,14.96657710908114,40.322392288991054,2.694162599444664
/home/xiangjiawei/ydc/bicg_matrix/conf6_0-8x8-30.mtx,1916928,14.91315366767803,40.63100833544857,2.724508124898494
/home/xiangjiawei/ydc/bicg_matrix/conf6_0-8x8-80.mtx,1916928,14.982678859601936,42.25076074062613,2.819973726764417
/home/xiangjiawei/ydc/bicg_matrix/water_tank.mtx,2035281,15.945174676361058,25.706036103771922,1.612151426718547
/home/xiangjiawei/ydc/bicg_matrix/mc2depi.mtx,2100225,14.984741895617454,38.654298886654566,2.579577223012408
/home/xiangjiawei/ydc/bicg_matrix/matrix_9.mtx,2121550,17.307003484320553,17.86093463565481,1.0320061847700035
/home/xiangjiawei/ydc/bicg_matrix/TSOPF_RS_b300_c2.mtx,2943887,17.821786237188874,48.94232802828715,2.7462077805735756
/home/xiangjiawei/ydc/bicg_matrix/laminar_duct3D.mtx,3833077,25.98232476448986,36.953124031505965,1.4222408643744586
/home/xiangjiawei/ydc/bicg_matrix/TSOPF_RS_b678_c1.mtx,4396289,21.86316305279922,53.235776121531096,2.4349530757725897
/home/xiangjiawei/ydc/bicg_matrix/TSOPF_RS_b300_c3.mtx,4413449,25.925434133863863,60.41181577896443,2.330214239307738
/home/xiangjiawei/ydc/bicg_matrix/wheel_7_1.mtx,338,0.008,0.02647170756134201,3.308963445167752
/home/xiangjiawei/ydc/bicg_matrix/TF10.mtx,622,0.010369379014989293,0.03561656270365888,3.4347826086956523
/home/xiangjiawei/ydc/bicg_matrix/gent113.mtx,655,0.011229289150187064,0.03541584019433997,3.1538808664259923
/home/xiangjiawei/ydc/bicg_matrix/will199.mtx,701,0.01486306833289019,0.04614001452924914,3.1043397968605726
/home/xiangjiawei/ydc/bicg_matrix/rotor1.mtx,708,0.01118097754293263,0.043087055351256134,3.853603603603603
/home/xiangjiawei/ydc/bicg_matrix/Zhao1.mtx,166453,2.535289145907473,4.763959941466044,1.879059810261148
/home/xiangjiawei/ydc/bicg_matrix/Zhao2.mtx,166453,2.5291013978256047,4.278561917500186,1.691732059924003
/home/xiangjiawei/ydc/bicg_matrix/mark3jac060.mtx,170695,2.2947655913978493,3.372302026150924,1.4695627469717707
/home/xiangjiawei/ydc/bicg_matrix/mark3jac060sc.mtx,170695,2.299711206896552,3.539639634994393,1.5391670155711066
/home/xiangjiawei/ydc/bicg_matrix/jan99jac080.mtx,171522,2.184190786791684,3.2154475844650854,1.4721459333633555
/home/xiangjiawei/ydc/bicg_matrix/jan99jac080sc.mtx,171522,2.1890990806945867,3.335962908986134,1.5238976336912329
/home/xiangjiawei/ydc/bicg_matrix/Ill_Stokes.mtx,191368,2.32530989010989,2.5339219336746877,1.0897136525553326
/home/xiangjiawei/ydc/bicg_matrix/mult_dcop_03.mtx,193216,4.398132082844861,5.330451716298659,1.211980817286129
/home/xiangjiawei/ydc/bicg_matrix/mult_dcop_01.mtx,193276,4.970075055187637,5.993875258466536,1.205992905924083
/home/xiangjiawei/ydc/bicg_matrix/mult_dcop_02.mtx,193276,5.039042076991943,5.452288254227332,1.082008876076319
/home/xiangjiawei/ydc/bicg_matrix/g7jac060.mtx,203316,2.1178850758180365,2.9472754834067487,1.3916125653174825
/home/xiangjiawei/ydc/bicg_matrix/g7jac060sc.mtx,203316,2.124667734187349,2.9039753814031286,1.366790361935746
/home/xiangjiawei/ydc/bicg_matrix/jan99jac100.mtx,215862,2.79967547326815,4.412274586131801,1.575995013801086
/home/xiangjiawei/ydc/bicg_matrix/jan99jac100sc.mtx,215862,2.813723604432364,3.811777212673365,1.354709185603305
/home/xiangjiawei/ydc/bicg_matrix/jan99jac120.mtx,260202,3.2498375125376127,4.754994776927857,1.4631484677567625
/home/xiangjiawei/ydc/bicg_matrix/jan99jac120sc.mtx,260202,3.250489566613162,4.834959005707647,1.4874556298746773
/home/xiangjiawei/ydc/bicg_matrix/bayer01.mtx,277774,3.9275342746060984,6.113657222357102,1.556614607257694
/home/xiangjiawei/ydc/bicg_matrix/mark3jac100.mtx,285215,3.734282121148606,6.406765450295407,1.7156618708617513
/home/xiangjiawei/ydc/bicg_matrix/g7jac080.mtx,293976,3.0097523961661343,3.9306342344369622,1.3059659789436036
/home/xiangjiawei/ydc/bicg_matrix/g7jac080sc.mtx,293976,3.021820368885325,3.8318864729069513,1.268072223075404
/home/xiangjiawei/ydc/bicg_matrix/sinc12.mtx,294986,2.5560851402426894,3.3811150642138186,1.3227709089114286
/home/xiangjiawei/ydc/bicg_matrix/Chevron1.mtx,330633,3.9716849580374434,7.198187008290719,1.8123761286060336
/home/xiangjiawei/ydc/bicg_matrix/Trec5.mtx,12,0.002786377708978328,0.01322489718589714,4.746268656716418
/home/xiangjiawei/ydc/bicg_matrix/Trec4.mtx,3,0.0017316017316017316,0.011275546159267088,6.511627906976744
/home/xiangjiawei/ydc/bicg_matrix/b1_ss.mtx,15,0.005047923322683706,0.03152615075139037,6.245370370370369
/home/xiangjiawei/ydc/bicg_matrix/lpi_galenet.mtx,22,0.009009009009009009,0.04175241231078795,4.634517766497463
/home/xiangjiawei/ydc/bicg_matrix/lpi_itest2.mtx,26,0.011057692307692308,0.04121503496503497,3.7272727272727284
/home/xiangjiawei/ydc/bicg_matrix/n3c4-b1.mtx,30,0.01609756097560976,0.06439024390243904,4.0
/home/xiangjiawei/ydc/bicg_matrix/n3c4-b4.mtx,30,0.009444444444444445,0.04105060506050605,4.346534653465347
/home/xiangjiawei/ydc/bicg_matrix/Trec6.mtx,40,0.0122,0.04325454545454546,3.5454545454545463
/home/xiangjiawei/ydc/bicg_matrix/jgl009.mtx,50,0.014885844748858448,0.05660538332131698,3.8026315789473677
/home/xiangjiawei/ydc/bicg_matrix/klein-b2.mtx,60,0.0014242673240208161,0.006855329421751468,4.813232253618194
/home/xiangjiawei/ydc/bicg_matrix/jgl011.mtx,76,0.01932489451476793,0.09130312480890358,4.724637681159422
/home/xiangjiawei/ydc/bicg_matrix/rgg010.mtx,76,0.02155339805825243,0.07844660194174757,3.63963963963964
/home/xiangjiawei/ydc/bicg_matrix/wheel_3_1.mtx,74,0.0016199890170236135,0.007836079255609354,4.837118754055807
/home/xiangjiawei/ydc/bicg_matrix/n3c5-b1.mtx,90,0.00272877618522602,0.016467285584870678,6.0346779900920025
/home/xiangjiawei/ydc/bicg_matrix/Hamrle1.mtx,98,0.0023038946791003835,0.01152741785991261,5.003448275862069
/home/xiangjiawei/ydc/bicg_matrix/wheel_4_1.mtx,122,0.002714833059660646,0.01456137731999801,5.363636363636363
/home/xiangjiawei/ydc/bicg_matrix/d_ss.mtx,149,0.0036437908496732034,0.014447906442359637,3.9650756693830034
/home/xiangjiawei/ydc/bicg_matrix/pores_1.mtx,180,0.0031327287716405605,0.015064581947793126,4.808773132282385
/home/xiangjiawei/ydc/bicg_matrix/wheel_5_1.mtx,182,0.004126554894537588,0.015139886711010752,3.668892598775738
/home/xiangjiawei/ydc/bicg_matrix/n3c6-b1.mtx,210,0.006280587275693312,0.0284424833454305,4.528634361233481
/home/xiangjiawei/ydc/bicg_matrix/d_dyn.mtx,238,0.0058823529411764705,0.019771494378276813,3.3611540443070584
/home/xiangjiawei/ydc/bicg_matrix/d_dyn1.mtx,238,0.005849056603773585,0.01803885435575848,3.0840621963070953
/home/xiangjiawei/ydc/bicg_matrix/cat_ears_2_1.mtx,254,0.005978319783197832,0.01993916889910171,3.3352462936394067
/home/xiangjiawei/ydc/bicg_matrix/wheel_6_1.mtx,254,0.005869037995149555,0.021207271444838915,3.6134152585765484
/home/xiangjiawei/ydc/bicg_matrix/will57.mtx,281,0.005218571816453978,0.020631437491523845,3.9534643226473634
/home/xiangjiawei/ydc/bicg_matrix/ch4-4-b2.mtx,288,0.006675581706338593,0.021715390787335156,3.252958579881657
/home/xiangjiawei/ydc/bicg_matrix/curtis54.mtx,291,0.00519199567333694,0.018558327147147075,3.57441113490364
/home/xiangjiawei/ydc/bicg_matrix/west0067.mtx,294,0.005695043103448275,0.02361122220587118,4.145925110132159
/home/xiangjiawei/ydc/bicg_matrix/pivtol.mtx,306,0.007198697068403908,0.01799224160989989,2.499374739474781
/home/xiangjiawei/ydc/bicg_matrix/impcol_b.mtx,312,0.005629750271444082,0.02670983754982256,4.744408945686901
/home/xiangjiawei/ydc/bicg_matrix/west0156.mtx,371,0.00986286636192525,0.027800829012025553,2.818737270875764
/home/xiangjiawei/ydc/bicg_matrix/olm100.mtx,396,0.008012889366272825,0.029732252909792044,3.7105532786885242
/home/xiangjiawei/ydc/bicg_matrix/impcol_c.mtx,411,0.009521518310612135,0.0337855459547711,3.5483359746434227
/home/xiangjiawei/ydc/bicg_matrix/west0132.mtx,414,0.009353977576081153,0.025630064556289796,2.740017746228926
/home/xiangjiawei/ydc/bicg_matrix/bfwa62.mtx,450,0.007206915180983252,0.03180748389386111,4.41346721795629
/home/xiangjiawei/ydc/bicg_matrix/rw136.mtx,479,0.010257787325456498,0.04226109982046586,4.119904076738609
/home/xiangjiawei/ydc/bicg_matrix/west0167.mtx,507,0.011651988257272485,0.035844857258355706,3.0762867647058822
/home/xiangjiawei/ydc/bicg_matrix/lns_131.mtx,536,0.010679194630872484,0.03650732199626583,3.4185463659147866
/home/xiangjiawei/ydc/bicg_matrix/lnsp_131.mtx,536,0.010532168387609212,0.0381348935551354,3.6208017334777884
/home/xiangjiawei/ydc/bicg_matrix/impcol_a.mtx,572,0.013858898984500266,0.047285325319324736,3.4119106699751867
/home/xiangjiawei/ydc/bicg_matrix/08blocks.mtx,592,0.016763654925982644,0.0589215228722009,3.5148374941121063
/home/xiangjiawei/ydc/bicg_matrix/rajat11.mtx,812,0.013578224101479918,0.03308345078693916,2.4365079365079367
/home/xiangjiawei/ydc/bicg_matrix/lop163.mtx,935,0.015914376321353067,0.06818635455159129,4.284575981787137
/home/xiangjiawei/ydc/bicg_matrix/odepa400.mtx,1201,0.026842105263157896,0.08378831998892453,3.121525646646208
/home/xiangjiawei/ydc/bicg_matrix/tols90.mtx,1746,0.02157550379481811,0.09106707430726249,4.220855057351407
/home/xiangjiawei/ydc/bicg_matrix/olm500.mtx,1996,0.0376577029404373,0.12739798360870222,3.3830524344569284
/home/xiangjiawei/ydc/bicg_matrix/olm1000.mtx,3996,0.07467995018679952,0.23884958539879503,3.1983093829247666
/home/xiangjiawei/ydc/bicg_matrix/olm2000.mtx,7996,0.14984761428928303,0.2637789204856997,1.760314448359989
/home/xiangjiawei/ydc/bicg_matrix/olm5000.mtx,19996,0.3639504974520747,0.6619980500147852,1.8189233278955956
/home/xiangjiawei/ydc/bicg_matrix/jan99jac060sc.mtx,127182,1.7098949174351274,2.4878207312085303,1.4549553342963937
/home/xiangjiawei/ydc/bicg_matrix/shermanACb.mtx,145149,3.763944419542806,5.3659122650674504,1.425608794116899
/home/xiangjiawei/ydc/bicg_matrix/CAG_mat1916.mtx,195985,1.298676918148326,1.627547354071757,1.2532349896480333
/home/xiangjiawei/ydc/bicg_matrix/rajat22.mtx,197264,1.1272622333751567,2.0634920684537295,1.8305341981300922
/home/xiangjiawei/ydc/bicg_matrix/cz20468.mtx,206076,2.403409779316313,4.130064717981134,1.7184188703584264
/home/xiangjiawei/ydc/bicg_matrix/rajat18.mtx,485143,9.995977927651747,16.776243840256274,1.678299408189804
/home/xiangjiawei/ydc/bicg_matrix/lung2.mtx,492564,6.55444610778443,7.691531251850748,1.173483025928896
/home/xiangjiawei/ydc/bicg_matrix/hcircuit.mtx,513072,4.134572699601966,4.482435900271187,1.084135224107369
/home/xiangjiawei/ydc/bicg_matrix/psmigr_2.mtx,540022,2.996258836324089,4.872337688536433,1.6261404487050193
/home/xiangjiawei/ydc/bicg_matrix/psmigr_1.mtx,543162,3.008425624321389,3.2139500955115716,1.0683162879376624
/home/xiangjiawei/ydc/bicg_matrix/psmigr_3.mtx,543162,2.9970362358031375,3.4523461102093287,1.1519200431970016
/home/xiangjiawei/ydc/bicg_matrix/rajat23.mtx,556938,3.1233727957612385,3.4104330934896083,1.0919071518193226
/home/xiangjiawei/ydc/bicg_matrix/sinc15.mtx,568526,4.694587509637626,6.041533737397841,1.2869147129529566
/home/xiangjiawei/ydc/bicg_matrix/rajat20.mtx,605045,11.081669713589275,16.37033859111196,1.4772447667373874
/home/xiangjiawei/ydc/bicg_matrix/rajat25.mtx,607235,12.096784885647997,16.4569536475097,1.3604402990611784
/home/xiangjiawei/ydc/bicg_matrix/rajat28.mtx,607235,11.498424700693134,15.581084459950137,1.3550625294794425
/home/xiangjiawei/ydc/bicg_matrix/rajat16.mtx,641159,12.053217499224326,20.165235717326084,1.6730168287947842
/home/xiangjiawei/ydc/bicg_matrix/rajat17.mtx,641159,12.897583001328021,21.538104636126924,1.6699334002277186
/home/xiangjiawei/ydc/bicg_matrix/g7jac160.mtx,656616,5.818716180371353,5.854527304404538,1.0061544716949746
/home/xiangjiawei/ydc/bicg_matrix/g7jac160sc.mtx,656616,5.853912115281978,6.800207516362006,1.1616517949782112
/home/xiangjiawei/ydc/bicg_matrix/ex3sta1.mtx,678998,5.578336483931947,8.12917731257383,1.4572762571762068
/home/xiangjiawei/ydc/bicg_matrix/dc1.mtx,766396,13.615041992470315,19.13537069218732,1.4054580737077398
/home/xiangjiawei/ydc/bicg_matrix/dc2.mtx,766396,13.876251475796932,19.044165268890453,1.3724286636133278
/home/xiangjiawei/ydc/bicg_matrix/dc3.mtx,766396,12.79258231292517,18.75868308266542,1.4663718883178354
/home/xiangjiawei/ydc/bicg_matrix/trans4.mtx,766396,13.359687411196363,17.495392790845298,1.3095660289314046
/home/xiangjiawei/ydc/bicg_matrix/trans5.mtx,766396,13.401579247434436,19.149870264237325,1.4289263907388623
/home/xiangjiawei/ydc/bicg_matrix/m133-b3.mtx,800800,9.489650813714647,9.559849141103152,1.007397356211153
/home/xiangjiawei/ydc/bicg_matrix/shar_te2-b3.mtx,800800,9.427091508397424,16.57262932161647,1.7579790444225534
/home/xiangjiawei/ydc/bicg_matrix/Chevron2.mtx,803173,8.448807097017742,8.750663887059376,1.0357277408012056
/home/xiangjiawei/ydc/bicg_matrix/g7jac200.mtx,837936,6.583885390428212,8.930841020906726,1.3564696970409855
/home/xiangjiawei/ydc/bicg_matrix/g7jac200sc.mtx,837936,6.6161746559088765,9.017726575044703,1.3629819410814694
/home/xiangjiawei/ydc/bicg_matrix/ch7-8-b5.mtx,846720,9.427848101265823,15.713968890587813,1.6667609322723378
/home/xiangjiawei/ydc/bicg_matrix/scircuit.mtx,958936,9.046930002904444,9.319245621720968,1.0301003344481607
/home/xiangjiawei/ydc/bicg_matrix/transient.mtx,961790,14.438017731302569,21.325624732814084,1.4770465814416294
/home/xiangjiawei/ydc/bicg_matrix/sinc18.mtx,973826,7.636608663457978,8.354689859693439,1.0940314251889796
/home/xiangjiawei/ydc/bicg_matrix/2D_54019_highK.mtx,996414,11.902414658634536,14.833474442520952,1.2462575761263783
/home/xiangjiawei/ydc/bicg_matrix/rim.mtx,1014951,16.49941176470588,29.43663544712209,1.784102116300316
/home/xiangjiawei/ydc/bicg_matrix/ibm_matrix_2.mtx,1056610,16.544187290969898,29.16965114457631,1.7631359359971466
/home/xiangjiawei/ydc/bicg_matrix/TSOPF_RS_b39_c30.mtx,1079986,17.63346771438333,21.464021997508148,1.217232046763003
/home/xiangjiawei/ydc/bicg_matrix/twotone.mtx,1224224,17.36266736953084,18.61673036727044,1.0722275541568176
/home/xiangjiawei/ydc/bicg_matrix/mac_econ_fwd500.mtx,1273389,16.845054852320672,24.147100755974563,1.4334830588365768
/home/xiangjiawei/ydc/bicg_matrix/Raj1.mtx,1302464,15.152779574468084,16.0683793735468,1.0604245441952755
/home/xiangjiawei/ydc/bicg_matrix/hvdc2.mtx,1347273,15.188999622499056,22.34996578264424,1.4714573927263677
/home/xiangjiawei/ydc/bicg_matrix/TSOPF_RS_b300_c1.mtx,1474325,9.199083232810617,37.38887213768995,4.064412854134646
/home/xiangjiawei/ydc/bicg_matrix/av41092.mtx,1683902,9.806701542588868,20.008571705380742,2.0402957730983102
/home/xiangjiawei/ydc/bicg_matrix/crashbasis.mtx,1750416,14.95898996438977,17.994336453375144,1.202911192280434
/home/xiangjiawei/ydc/bicg_matrix/majorbasis.mtx,1750416,14.753614303959132,15.703120144891216,1.0643575073449822
/home/xiangjiawei/ydc/bicg_matrix/bbmat.mtx,1771722,13.5970486544288,39.60715257257128,2.9129227657555323
/home/xiangjiawei/ydc/bicg_matrix/invextr1_new.mtx,1793881,13.36608405134517,17.928181797293284,1.3413189479000005
/home/xiangjiawei/ydc/bicg_matrix/rajat21.mtx,1893370,15.7721665089877,17.829368061204704,1.1304324013473177
/home/xiangjiawei/ydc/bicg_matrix/Zd_Jac3.mtx,1916152,11.448663607685688,16.142091196176505,1.4099541876084154
/home/xiangjiawei/ydc/bicg_matrix/conf5_4-8x8-05.mtx,1916928,14.93180843459614,39.61818640438634,2.6532744896856086
/home/xiangjiawei/ydc/bicg_matrix/conf5_4-8x8-10.mtx,1916928,14.91315366767803,41.61482145525176,2.7904776134269635
/home/xiangjiawei/ydc/bicg_matrix/conf5_4-8x8-15.mtx,1916928,14.921142857142858,42.2147720176784,2.829191598917632
/home/xiangjiawei/ydc/bicg_matrix/rajat24.mtx,1948235,17.272215778826702,22.414038517003668,1.2976932898487823
/home/xiangjiawei/ydc/bicg_matrix/matrix-new_3.mtx,2678750,8.346456492637216,14.258187225175334,1.7082922840073655
/home/xiangjiawei/ydc/bicg_matrix/stomach.mtx,3021648,20.572720076429647,30.31807604041168,1.4737028418107618
/home/xiangjiawei/ydc/bicg_matrix/Chevron3.mtx,3413113,20.340351290564417,33.305498459525595,1.6374101894186808
/home/xiangjiawei/ydc/bicg_matrix/iChem_Jacobian.mtx,4137369,24.473822328931572,38.2879631594664,1.564445579643051
/home/xiangjiawei/ydc/bicg_matrix/torso3.mtx,4429042,25.286520554436674,41.56918406034189,1.6439266118425424
/home/xiangjiawei/ydc/bicg_matrix/t2em.mtx,4590832,19.54136,48.89827945210964,2.5022966391341055
/home/xiangjiawei/ydc/bicg_matrix/rajat29.mtx,4866270,19.131454288976958,23.831966730990608,1.2456955112253
/home/xiangjiawei/ydc/bicg_matrix/Chebyshev4.mtx,5377761,10.29217849452513,11.598882074677743,1.1269608354390384
/home/xiangjiawei/ydc/bicg_matrix/Hamrle3.mtx,5514242,18.235880553281337,58.38822291136593,3.201831835910969
/home/xiangjiawei/ydc/bicg_matrix/pre2.mtx,5959282,22.364441287878787,29.75795155815811,1.3305922189205996
/home/xiangjiawei/ydc/bicg_matrix/rajat30.mtx,6175377,21.785503650578278,25.185735247358497,1.1560777134794387
/home/xiangjiawei/ydc/bicg_matrix/Chevron4.mtx,6376412,25.000668264486112,58.33231568752558,2.333230258904225
/home/xiangjiawei/ydc/bicg_matrix/TSOPF_RS_b2052_c1.mtx,6761100,31.764418685522195,53.31645303635217,1.6784961048461786
/home/xiangjiawei/ydc/bicg_matrix/PR02R.mtx,8185136,41.790690231669444,59.261513868121185,1.4180553979750292
/home/xiangjiawei/ydc/bicg_matrix/torso1.mtx,8516500,38.32926546391753,59.480125305279834,1.5518201193099657
/home/xiangjiawei/ydc/bicg_matrix/TSOPF_RS_b678_c2.mtx,8781949,42.10297801938076,51.299701367030565,1.2184340343672695
/home/xiangjiawei/ydc/bicg_matrix/kim2.mtx,11330020,42.405496884224334,70.01698733145281,1.651129982573096
/home/xiangjiawei/ydc/bicg_matrix/TSOPF_RS_b2383.mtx,16171169,58.428915964880844,72.89429640503246,1.2475722885025995
/home/xiangjiawei/ydc/bicg_matrix/TSOPF_RS_b2383_c1.mtx,16171169,58.392296535052374,77.68535053462726,1.3304040968485191
/home/xiangjiawei/ydc/bicg_matrix/RM07R.mtx,37464962,86.16671885409725,120.37301176951871,1.3969780139051322
/home/xiangjiawei/ydc/bicg_matrix/onetone2.mtx,227628,2.996633495659539,5.060440726894312,1.6887085905647408
/home/xiangjiawei/ydc/bicg_matrix/mark3jac080.mtx,227955,3.007487331081081,4.45245318476181,1.480456173080974
/home/xiangjiawei/ydc/bicg_matrix/mark3jac080sc.mtx,227955,3.0318135376756064,4.630690828785882,1.5273666309756249
/home/xiangjiawei/ydc/bicg_matrix/rajat26.mtx,249302,1.591349944217181,2.5839222497055325,1.6237297516459326
/home/xiangjiawei/ydc/bicg_matrix/airfoil_2d.mtx,259688,2.6391215351812365,3.7221284906880956,1.410366457576758
/home/xiangjiawei/ydc/bicg_matrix/mark3jac100sc.mtx,285215,3.703234254832675,5.370013525583302,1.4500874522251734
/home/xiangjiawei/ydc/bicg_matrix/shyy161.mtx,329762,4.869127954360228,5.111885768440597,1.0498565279770444
/home/xiangjiawei/ydc/bicg_matrix/ckt11752_dc_1.mtx,333029,2.027741225877412,3.1968445468141597,1.5765544962133278
/home/xiangjiawei/ydc/bicg_matrix/ckt11752_tr_0.mtx,333029,2.0295676541232983,3.3879036120464976,1.6692735544753017
/home/xiangjiawei/ydc/bicg_matrix/Freescale2.mtx,23042677,67.50608533762706,70.74540919637208,1.0479856570343808
/home/xiangjiawei/ydc/bicg_matrix/n3c4-b2.mtx,60,0.0014134275618374558,0.006710615074774798,4.74776016540317
